Brawler_1,Brawler_2,Weight
8-BIT,8-BIT,2
8-BIT,ALLI,12
8-BIT,AMBER,2
8-BIT,ANGELO,5
8-BIT,ASH,3
8-BIT,BARLEY,12
8-BIT,BEA,9
8-BIT,BELLE,8
8-BIT,BERRY,12
8-BIT,BO,11
8-BIT,BONNIE,10
8-BIT,BROCK,14
8-BIT,BULL,6
8-BIT,BUSTER,2
8-BIT,BUZZ,6
8-BIT,BYRON,20
8-BIT,CARL,5
8-BIT,CHARLIE,2
8-BIT,CHESTER,7
8-BIT,CHUCK,3
8-BIT,CLANCY,2
8-BIT,COLETTE,32
8-BIT,COLT,33
8-BIT,CORDELIUS,5
8-BIT,CROW,10
8-BIT,DARRYL,7
8-BIT,DOUG,2
8-BIT,DRACO,1
8-BIT,DYNAMIKE,17
8-BIT,EDGAR,52
8-BIT,EL PRIMO,16
8-BIT,EMZ,20
8-BIT,EVE,4
8-BIT,FANG,16
8-BIT,FINX,1
8-BIT,FRANK,8
8-BIT,GALE,4
8-BIT,GENE,4
8-BIT,GRAY,6
8-BIT,GRIFF,10
8-BIT,GROM,6
8-BIT,GUS,9
8-BIT,HANK,4
8-BIT,JACKY,2
8-BIT,JAE-YONG,4
8-BIT,JANET,2
8-BIT,JESSIE,12
8-BIT,JUJU,8
8-BIT,KAZE,9
8-BIT,KENJI,4
8-BIT,KIT,10
8-BIT,LARRY & LAWRIE,2
8-BIT,LEON,17
8-BIT,LILY,6
8-BIT,LOLA,7
8-BIT,LOU,4
8-BIT,LUMI,4
8-BIT,MAISIE,7
8-BIT,MANDY,30
8-BIT,MAX,5
8-BIT,MEEPLE,3
8-BIT,MEG,7
8-BIT,MELODIE,7
8-BIT,MICO,6
8-BIT,MOE,2
8-BIT,MORTIS,14
8-BIT,MR. P,3
8-BIT,NANI,7
8-BIT,NITA,7
8-BIT,OLLIE,2
8-BIT,OTIS,1
8-BIT,PAM,5
8-BIT,PEARL,5
8-BIT,PENNY,6
8-BIT,PIPER,25
8-BIT,POCO,5
8-BIT,R-T,2
8-BIT,RICO,14
8-BIT,ROSA,1
8-BIT,RUFFS,4
8-BIT,SAM,1
8-BIT,SANDY,7
8-BIT,SHADE,7
8-BIT,SHELLY,7
8-BIT,SPIKE,14
8-BIT,SPROUT,2
8-BIT,SQUEAK,11
8-BIT,STU,1
8-BIT,SURGE,8
8-BIT,TARA,5
8-BIT,TICK,22
8-BIT,WILLOW,3
ALLI,AMBER,2
ALLI,ANGELO,4
ALLI,ASH,6
ALLI,BARLEY,9
ALLI,BEA,9
ALLI,BELLE,9
ALLI,BERRY,11
ALLI,BIBI,6
ALLI,BO,10
ALLI,BONNIE,1
ALLI,BROCK,14
ALLI,BULL,3
ALLI,BUSTER,2
ALLI,BUZZ,8
ALLI,BYRON,11
ALLI,CARL,3
ALLI,CHARLIE,4
ALLI,CHESTER,6
ALLI,CHUCK,1
ALLI,COLETTE,24
ALLI,COLT,18
ALLI,CORDELIUS,5
ALLI,CROW,14
ALLI,DARRYL,8
ALLI,DOUG,4
ALLI,DRACO,4
ALLI,DYNAMIKE,27
ALLI,EDGAR,46
ALLI,EL PRIMO,9
ALLI,EMZ,14
ALLI,EVE,4
ALLI,FANG,18
ALLI,FINX,5
ALLI,FRANK,4
ALLI,GALE,4
ALLI,GENE,3
ALLI,GRAY,10
ALLI,GRIFF,7
ALLI,GROM,7
ALLI,GUS,5
ALLI,HANK,4
ALLI,JACKY,1
ALLI,JAE-YONG,10
ALLI,JANET,5
ALLI,JESSIE,9
ALLI,JUJU,7
ALLI,KAZE,14
ALLI,KENJI,1
ALLI,KIT,9
ALLI,LARRY & LAWRIE,4
ALLI,LEON,15
ALLI,LILY,8
ALLI,LUMI,5
ALLI,MAISIE,10
ALLI,MANDY,26
ALLI,MAX,10
ALLI,MEEPLE,5
ALLI,MEG,6
ALLI,MELODIE,1
ALLI,MICO,5
ALLI,MOE,3
ALLI,MORTIS,33
ALLI,MR. P,5
ALLI,NANI,5
ALLI,NITA,9
ALLI,OLLIE,7
ALLI,OTIS,6
ALLI,PAM,2
ALLI,PEARL,3
ALLI,PENNY,6
ALLI,PIPER,20
ALLI,POCO,8
ALLI,RICO,11
ALLI,SAM,2
ALLI,SANDY,4
ALLI,SHADE,10
ALLI,SHELLY,9
ALLI,SPIKE,16
ALLI,SPROUT,5
ALLI,SQUEAK,13
ALLI,STU,7
ALLI,SURGE,8
ALLI,TARA,5
ALLI,TICK,23
ALLI,WILLOW,3
AMBER,ANGELO,3
AMBER,ASH,1
AMBER,BARLEY,8
AMBER,BEA,15
AMBER,BELLE,8
AMBER,BERRY,12
AMBER,BIBI,9
AMBER,BO,18
AMBER,BONNIE,7
AMBER,BROCK,14
AMBER,BULL,10
AMBER,BUSTER,3
AMBER,BUZZ,6
AMBER,BYRON,7
AMBER,CARL,16
AMBER,CHARLIE,6
AMBER,CHESTER,9
AMBER,CHUCK,6
AMBER,CLANCY,2
AMBER,COLETTE,39
AMBER,COLT,33
AMBER,CORDELIUS,18
AMBER,CROW,35
AMBER,DARRYL,6
AMBER,DOUG,8
AMBER,DRACO,7
AMBER,DYNAMIKE,24
AMBER,EDGAR,36
AMBER,EL PRIMO,9
AMBER,EMZ,17
AMBER,EVE,3
AMBER,FANG,16
AMBER,FINX,1
AMBER,FRANK,11
AMBER,GALE,4
AMBER,GENE,4
AMBER,GRAY,5
AMBER,GRIFF,11
AMBER,GROM,14
AMBER,GUS,13
AMBER,HANK,2
AMBER,JACKY,7
AMBER,JAE-YONG,4
AMBER,JANET,9
AMBER,JESSIE,17
AMBER,JUJU,3
AMBER,KAZE,9
AMBER,KENJI,15
AMBER,KIT,13
AMBER,LARRY & LAWRIE,3
AMBER,LEON,9
AMBER,LILY,12
AMBER,LOLA,6
AMBER,LOU,10
AMBER,LUMI,5
AMBER,MAISIE,8
AMBER,MANDY,30
AMBER,MAX,10
AMBER,MEEPLE,2
AMBER,MEG,1
AMBER,MELODIE,5
AMBER,MICO,3
AMBER,MOE,2
AMBER,MORTIS,40
AMBER,MR. P,10
AMBER,NANI,4
AMBER,NITA,15
AMBER,OLLIE,2
AMBER,OTIS,2
AMBER,PAM,4
AMBER,PEARL,3
AMBER,PENNY,15
AMBER,PIPER,16
AMBER,POCO,5
AMBER,RICO,23
AMBER,ROSA,3
AMBER,RUFFS,3
AMBER,SAM,2
AMBER,SHADE,7
AMBER,SHELLY,7
AMBER,SPIKE,13
AMBER,SPROUT,3
AMBER,SQUEAK,17
AMBER,STU,31
AMBER,SURGE,10
AMBER,TARA,10
AMBER,TICK,48
AMBER,WILLOW,8
ANGELO,ASH,2
ANGELO,BARLEY,3
ANGELO,BEA,15
ANGELO,BELLE,11
ANGELO,BERRY,6
ANGELO,BIBI,3
ANGELO,BO,4
ANGELO,BONNIE,4
ANGELO,BROCK,26
ANGELO,BULL,6
ANGELO,BUSTER,1
ANGELO,BUZZ,1
ANGELO,BYRON,13
ANGELO,CARL,4
ANGELO,CHARLIE,5
ANGELO,CHESTER,5
ANGELO,CHUCK,5
ANGELO,CLANCY,2
ANGELO,COLETTE,28
ANGELO,COLT,27
ANGELO,CORDELIUS,4
ANGELO,CROW,17
ANGELO,DARRYL,5
ANGELO,DOUG,2
ANGELO,DRACO,2
ANGELO,DYNAMIKE,19
ANGELO,EDGAR,30
ANGELO,EL PRIMO,14
ANGELO,EMZ,8
ANGELO,FANG,11
ANGELO,FINX,2
ANGELO,FRANK,4
ANGELO,GALE,3
ANGELO,GENE,5
ANGELO,GRAY,15
ANGELO,GRIFF,6
ANGELO,GROM,10
ANGELO,GUS,9
ANGELO,HANK,1
ANGELO,JAE-YONG,5
ANGELO,JANET,1
ANGELO,JESSIE,4
ANGELO,JUJU,6
ANGELO,KAZE,3
ANGELO,KENJI,3
ANGELO,KIT,6
ANGELO,LARRY & LAWRIE,2
ANGELO,LEON,11
ANGELO,LILY,5
ANGELO,LOLA,1
ANGELO,LOU,1
ANGELO,LUMI,3
ANGELO,MAISIE,4
ANGELO,MANDY,37
ANGELO,MAX,8
ANGELO,MEEPLE,8
ANGELO,MEG,3
ANGELO,MELODIE,3
ANGELO,MICO,3
ANGELO,MORTIS,16
ANGELO,MR. P,11
ANGELO,NANI,7
ANGELO,NITA,4
ANGELO,OLLIE,3
ANGELO,OTIS,1
ANGELO,PAM,4
ANGELO,PEARL,3
ANGELO,PENNY,2
ANGELO,PIPER,45
ANGELO,POCO,4
ANGELO,R-T,3
ANGELO,RICO,11
ANGELO,ROSA,3
ANGELO,RUFFS,1
ANGELO,SAM,3
ANGELO,SANDY,4
ANGELO,SHADE,4
ANGELO,SHELLY,4
ANGELO,SPIKE,20
ANGELO,SPROUT,7
ANGELO,SQUEAK,15
ANGELO,STU,7
ANGELO,SURGE,4
ANGELO,TARA,7
ANGELO,TICK,23
ANGELO,WILLOW,2
ASH,BARLEY,5
ASH,BEA,4
ASH,BELLE,2
ASH,BERRY,4
ASH,BIBI,4
ASH,BO,1
ASH,BONNIE,13
ASH,BROCK,4
ASH,BULL,4
ASH,BUZZ,2
ASH,BYRON,2
ASH,CARL,4
ASH,CHARLIE,8
ASH,CHESTER,11
ASH,CHUCK,1
ASH,CLANCY,3
ASH,COLETTE,4
ASH,COLT,4
ASH,CORDELIUS,1
ASH,CROW,1
ASH,DARRYL,5
ASH,DOUG,2
ASH,DRACO,1
ASH,DYNAMIKE,11
ASH,EDGAR,9
ASH,EL PRIMO,4
ASH,EMZ,9
ASH,EVE,1
ASH,FANG,13
ASH,FRANK,5
ASH,GALE,2
ASH,GENE,7
ASH,GRAY,8
ASH,GRIFF,2
ASH,GROM,6
ASH,GUS,2
ASH,HANK,4
ASH,JACKY,3
ASH,JAE-YONG,7
ASH,JANET,1
ASH,JESSIE,7
ASH,JUJU,2
ASH,KAZE,4
ASH,KENJI,3
ASH,KIT,5
ASH,LARRY & LAWRIE,4
ASH,LEON,6
ASH,LILY,4
ASH,LOLA,6
ASH,LUMI,2
ASH,MAISIE,5
ASH,MANDY,7
ASH,MAX,5
ASH,MEEPLE,4
ASH,MEG,7
ASH,MELODIE,3
ASH,MOE,2
ASH,MORTIS,21
ASH,MR. P,6
ASH,NANI,3
ASH,NITA,5
ASH,OLLIE,2
ASH,OTIS,4
ASH,PAM,4
ASH,PIPER,6
ASH,POCO,4
ASH,R-T,4
ASH,RICO,7
ASH,ROSA,4
ASH,RUFFS,2
ASH,SAM,1
ASH,SANDY,2
ASH,SHADE,5
ASH,SHELLY,5
ASH,SPIKE,3
ASH,SPROUT,4
ASH,SQUEAK,5
ASH,STU,9
ASH,SURGE,3
ASH,TARA,5
ASH,TICK,12
ASH,WILLOW,3
BARLEY,BEA,13
BARLEY,BELLE,5
BARLEY,BERRY,8
BARLEY,BIBI,15
BARLEY,BO,26
BARLEY,BONNIE,8
BARLEY,BROCK,28
BARLEY,BULL,16
BARLEY,BUSTER,4
BARLEY,BUZZ,12
BARLEY,BYRON,10
BARLEY,CARL,17
BARLEY,CHARLIE,2
BARLEY,CHESTER,6
BARLEY,CHUCK,7
BARLEY,CLANCY,3
BARLEY,COLETTE,29
BARLEY,COLT,38
BARLEY,CORDELIUS,8
BARLEY,CROW,18
BARLEY,DARRYL,11
BARLEY,DOUG,5
BARLEY,DRACO,10
BARLEY,DYNAMIKE,38
BARLEY,EDGAR,49
BARLEY,EL PRIMO,25
BARLEY,EMZ,37
BARLEY,EVE,3
BARLEY,FANG,19
BARLEY,FINX,1
BARLEY,FRANK,14
BARLEY,GALE,12
BARLEY,GENE,5
BARLEY,GRAY,5
BARLEY,GRIFF,19
BARLEY,GROM,18
BARLEY,GUS,11
BARLEY,HANK,5
BARLEY,JACKY,9
BARLEY,JAE-YONG,3
BARLEY,JANET,4
BARLEY,JESSIE,21
BARLEY,JUJU,5
BARLEY,KAZE,6
BARLEY,KENJI,9
BARLEY,KIT,14
BARLEY,LARRY & LAWRIE,8
BARLEY,LEON,22
BARLEY,LILY,10
BARLEY,LOLA,2
BARLEY,LOU,8
BARLEY,LUMI,2
BARLEY,MAISIE,4
BARLEY,MANDY,20
BARLEY,MAX,10
BARLEY,MEEPLE,2
BARLEY,MEG,3
BARLEY,MELODIE,3
BARLEY,MICO,7
BARLEY,MOE,1
BARLEY,MORTIS,54
BARLEY,MR. P,13
BARLEY,NANI,8
BARLEY,NITA,23
BARLEY,OLLIE,3
BARLEY,OTIS,4
BARLEY,PAM,8
BARLEY,PEARL,3
BARLEY,PENNY,15
BARLEY,PIPER,18
BARLEY,POCO,18
BARLEY,R-T,7
BARLEY,RICO,25
BARLEY,ROSA,7
BARLEY,RUFFS,1
BARLEY,SAM,4
BARLEY,SANDY,6
BARLEY,SHADE,11
BARLEY,SHELLY,22
BARLEY,SPIKE,19
BARLEY,SPROUT,5
BARLEY,SQUEAK,14
BARLEY,STU,16
BARLEY,SURGE,13
BARLEY,TARA,6
BARLEY,TICK,22
BARLEY,WILLOW,1
BEA,BEA,2
BEA,BELLE,21
BEA,BERRY,11
BEA,BIBI,25
BEA,BO,30
BEA,BONNIE,18
BEA,BROCK,42
BEA,BULL,21
BEA,BUSTER,6
BEA,BUZZ,17
BEA,BYRON,28
BEA,CARL,16
BEA,CHARLIE,1
BEA,CHESTER,17
BEA,CHUCK,4
BEA,CLANCY,3
BEA,COLETTE,67
BEA,COLT,51
BEA,CORDELIUS,13
BEA,CROW,26
BEA,DARRYL,10
BEA,DOUG,3
BEA,DRACO,8
BEA,DYNAMIKE,59
BEA,EDGAR,72
BEA,EL PRIMO,21
BEA,EMZ,34
BEA,EVE,1
BEA,FANG,31
BEA,FRANK,24
BEA,GALE,15
BEA,GENE,21
BEA,GRAY,10
BEA,GRIFF,21
BEA,GROM,32
BEA,GUS,30
BEA,HANK,27
BEA,JACKY,4
BEA,JAE-YONG,5
BEA,JANET,8
BEA,JESSIE,15
BEA,JUJU,4
BEA,KAZE,16
BEA,KENJI,13
BEA,KIT,19
BEA,LARRY & LAWRIE,6
BEA,LEON,48
BEA,LILY,21
BEA,LOLA,9
BEA,LOU,7
BEA,LUMI,7
BEA,MAISIE,8
BEA,MANDY,77
BEA,MAX,17
BEA,MEEPLE,8
BEA,MEG,4
BEA,MELODIE,5
BEA,MICO,3
BEA,MOE,6
BEA,MORTIS,106
BEA,MR. P,13
BEA,NANI,12
BEA,NITA,9
BEA,OLLIE,4
BEA,OTIS,4
BEA,PAM,8
BEA,PEARL,2
BEA,PENNY,12
BEA,PIPER,98
BEA,POCO,10
BEA,R-T,5
BEA,RICO,36
BEA,ROSA,4
BEA,RUFFS,2
BEA,SAM,1
BEA,SANDY,8
BEA,SHADE,8
BEA,SHELLY,5
BEA,SPIKE,24
BEA,SPROUT,13
BEA,SQUEAK,32
BEA,STU,20
BEA,SURGE,13
BEA,TARA,14
BEA,TICK,40
BEA,WILLOW,6
BELLE,BERRY,10
BELLE,BIBI,2
BELLE,BO,13
BELLE,BONNIE,6
BELLE,BROCK,58
BELLE,BULL,2
BELLE,BUSTER,5
BELLE,BUZZ,10
BELLE,BYRON,19
BELLE,CARL,8
BELLE,CHARLIE,1
BELLE,CHESTER,11
BELLE,CLANCY,3
BELLE,COLETTE,34
BELLE,COLT,36
BELLE,CORDELIUS,12
BELLE,CROW,27
BELLE,DARRYL,6
BELLE,DOUG,8
BELLE,DRACO,2
BELLE,DYNAMIKE,31
BELLE,EDGAR,67
BELLE,EL PRIMO,8
BELLE,EMZ,28
BELLE,EVE,3
BELLE,FANG,50
BELLE,FINX,3
BELLE,FRANK,14
BELLE,GALE,5
BELLE,GENE,12
BELLE,GRAY,11
BELLE,GRIFF,11
BELLE,GROM,23
BELLE,GUS,15
BELLE,HANK,4
BELLE,JACKY,4
BELLE,JAE-YONG,5
BELLE,JANET,3
BELLE,JESSIE,6
BELLE,JUJU,2
BELLE,KAZE,6
BELLE,KENJI,11
BELLE,KIT,14
BELLE,LARRY & LAWRIE,1
BELLE,LEON,23
BELLE,LILY,22
BELLE,LOLA,1
BELLE,LOU,3
BELLE,LUMI,11
BELLE,MAISIE,11
BELLE,MANDY,63
BELLE,MAX,7
BELLE,MEEPLE,13
BELLE,MEG,3
BELLE,MELODIE,3
BELLE,MICO,8
BELLE,MORTIS,38
BELLE,MR. P,11
BELLE,NANI,11
BELLE,NITA,10
BELLE,OLLIE,6
BELLE,OTIS,2
BELLE,PAM,2
BELLE,PEARL,5
BELLE,PENNY,11
BELLE,PIPER,70
BELLE,POCO,3
BELLE,RICO,25
BELLE,ROSA,4
BELLE,RUFFS,4
BELLE,SANDY,17
BELLE,SHADE,6
BELLE,SHELLY,7
BELLE,SPIKE,25
BELLE,SPROUT,13
BELLE,SQUEAK,24
BELLE,STU,8
BELLE,SURGE,14
BELLE,TARA,15
BELLE,TICK,40
BELLE,WILLOW,2
BERRY,BIBI,12
BERRY,BO,13
BERRY,BONNIE,3
BERRY,BROCK,20
BERRY,BULL,3
BERRY,BUSTER,10
BERRY,BUZZ,9
BERRY,BYRON,6
BERRY,CARL,7
BERRY,CHARLIE,3
BERRY,CHESTER,2
BERRY,CHUCK,9
BERRY,CLANCY,2
BERRY,COLETTE,21
BERRY,COLT,24
BERRY,CORDELIUS,13
BERRY,CROW,19
BERRY,DARRYL,13
BERRY,DOUG,7
BERRY,DRACO,14
BERRY,DYNAMIKE,26
BERRY,EDGAR,48
BERRY,EL PRIMO,10
BERRY,EMZ,18
BERRY,EVE,1
BERRY,FANG,28
BERRY,FINX,2
BERRY,FRANK,13
BERRY,GALE,2
BERRY,GENE,4
BERRY,GRAY,15
BERRY,GRIFF,6
BERRY,GROM,16
BERRY,GUS,8
BERRY,HANK,9
BERRY,JAE-YONG,1
BERRY,JANET,1
BERRY,JESSIE,20
BERRY,KAZE,9
BERRY,KENJI,11
BERRY,KIT,12
BERRY,LARRY & LAWRIE,7
BERRY,LEON,16
BERRY,LILY,7
BERRY,LOLA,2
BERRY,LOU,4
BERRY,LUMI,3
BERRY,MAISIE,2
BERRY,MANDY,20
BERRY,MAX,8
BERRY,MEEPLE,2
BERRY,MEG,1
BERRY,MELODIE,7
BERRY,MICO,15
BERRY,MOE,4
BERRY,MORTIS,42
BERRY,MR. P,9
BERRY,NANI,5
BERRY,NITA,8
BERRY,OLLIE,3
BERRY,OTIS,1
BERRY,PAM,4
BERRY,PEARL,2
BERRY,PENNY,16
BERRY,PIPER,18
BERRY,POCO,8
BERRY,RICO,26
BERRY,ROSA,6
BERRY,RUFFS,3
BERRY,SAM,1
BERRY,SANDY,7
BERRY,SHADE,6
BERRY,SHELLY,5
BERRY,SPIKE,16
BERRY,SPROUT,1
BERRY,SQUEAK,11
BERRY,STU,14
BERRY,SURGE,9
BERRY,TARA,7
BERRY,TICK,18
BERRY,WILLOW,3
BIBI,BO,22
BIBI,BONNIE,7
BIBI,BROCK,22
BIBI,BULL,20
BIBI,BUSTER,7
BIBI,BUZZ,20
BIBI,BYRON,7
BIBI,CARL,21
BIBI,CHARLIE,10
BIBI,CHESTER,22
BIBI,CHUCK,4
BIBI,CLANCY,9
BIBI,COLETTE,30
BIBI,COLT,65
BIBI,CORDELIUS,28
BIBI,CROW,40
BIBI,DARRYL,20
BIBI,DOUG,21
BIBI,DRACO,9
BIBI,DYNAMIKE,90
BIBI,EDGAR,88
BIBI,EL PRIMO,21
BIBI,EMZ,29
BIBI,EVE,3
BIBI,FANG,48
BIBI,FINX,1
BIBI,FRANK,40
BIBI,GALE,15
BIBI,GENE,4
BIBI,GRAY,16
BIBI,GRIFF,23
BIBI,GROM,20
BIBI,GUS,8
BIBI,HANK,10
BIBI,JACKY,14
BIBI,JAE-YONG,6
BIBI,JANET,10
BIBI,JESSIE,17
BIBI,JUJU,4
BIBI,KAZE,23
BIBI,KENJI,32
BIBI,KIT,26
BIBI,LARRY & LAWRIE,6
BIBI,LEON,19
BIBI,LILY,33
BIBI,LOLA,4
BIBI,LOU,4
BIBI,LUMI,9
BIBI,MAISIE,11
BIBI,MANDY,32
BIBI,MAX,11
BIBI,MEEPLE,8
BIBI,MEG,12
BIBI,MELODIE,19
BIBI,MICO,8
BIBI,MORTIS,204
BIBI,MR. P,10
BIBI,NANI,4
BIBI,NITA,22
BIBI,OLLIE,3
BIBI,OTIS,4
BIBI,PAM,5
BIBI,PEARL,2
BIBI,PENNY,7
BIBI,PIPER,30
BIBI,POCO,15
BIBI,R-T,7
BIBI,RICO,54
BIBI,ROSA,4
BIBI,RUFFS,1
BIBI,SAM,2
BIBI,SANDY,14
BIBI,SHADE,13
BIBI,SHELLY,20
BIBI,SPIKE,39
BIBI,SPROUT,9
BIBI,SQUEAK,17
BIBI,STU,35
BIBI,SURGE,33
BIBI,TARA,25
BIBI,TICK,27
BIBI,WILLOW,4
BO,BONNIE,8
BO,BROCK,56
BO,BULL,20
BO,BUSTER,7
BO,BUZZ,11
BO,BYRON,22
BO,CARL,16
BO,CHARLIE,4
BO,CHESTER,15
BO,CHUCK,5
BO,CLANCY,3
BO,COLETTE,73
BO,COLT,55
BO,CORDELIUS,17
BO,CROW,37
BO,DARRYL,15
BO,DOUG,8
BO,DRACO,13
BO,DYNAMIKE,44
BO,EDGAR,84
BO,EL PRIMO,37
BO,EMZ,55
BO,EVE,4
BO,FANG,61
BO,FINX,7
BO,FRANK,36
BO,GALE,5
BO,GENE,14
BO,GRAY,12
BO,GRIFF,27
BO,GROM,25
BO,GUS,17
BO,HANK,4
BO,JACKY,15
BO,JAE-YONG,7
BO,JANET,11
BO,JESSIE,30
BO,JUJU,10
BO,KAZE,23
BO,KENJI,28
BO,KIT,31
BO,LARRY & LAWRIE,8
BO,LEON,36
BO,LILY,29
BO,LOLA,8
BO,LOU,6
BO,LUMI,10
BO,MAISIE,10
BO,MANDY,58
BO,MAX,15
BO,MEEPLE,8
BO,MEG,7
BO,MELODIE,5
BO,MICO,12
BO,MOE,4
BO,MORTIS,93
BO,MR. P,11
BO,NANI,8
BO,NITA,21
BO,OLLIE,1
BO,OTIS,2
BO,PAM,5
BO,PEARL,4
BO,PENNY,14
BO,PIPER,71
BO,POCO,21
BO,R-T,5
BO,RICO,44
BO,ROSA,3
BO,RUFFS,3
BO,SAM,4
BO,SANDY,16
BO,SHADE,14
BO,SHELLY,28
BO,SPIKE,37
BO,SPROUT,11
BO,SQUEAK,46
BO,STU,15
BO,SURGE,30
BO,TARA,27
BO,TICK,80
BO,WILLOW,7
BONNIE,BROCK,15
BONNIE,BULL,4
BONNIE,BUSTER,2
BONNIE,BUZZ,7
BONNIE,BYRON,16
BONNIE,CARL,9
BONNIE,CHARLIE,15
BONNIE,CHESTER,7
BONNIE,CHUCK,4
BONNIE,CLANCY,3
BONNIE,COLETTE,25
BONNIE,COLT,15
BONNIE,CORDELIUS,10
BONNIE,CROW,10
BONNIE,DARRYL,15
BONNIE,DOUG,3
BONNIE,DRACO,2
BONNIE,DYNAMIKE,10
BONNIE,EDGAR,29
BONNIE,EL PRIMO,9
BONNIE,EMZ,18
BONNIE,EVE,4
BONNIE,FANG,11
BONNIE,FINX,2
BONNIE,FRANK,8
BONNIE,GALE,4
BONNIE,GENE,10
BONNIE,GRAY,8
BONNIE,GRIFF,8
BONNIE,GROM,8
BONNIE,GUS,11
BONNIE,HANK,5
BONNIE,JACKY,2
BONNIE,JAE-YONG,4
BONNIE,JANET,1
BONNIE,JESSIE,9
BONNIE,JUJU,1
BONNIE,KAZE,10
BONNIE,KENJI,9
BONNIE,KIT,7
BONNIE,LARRY & LAWRIE,4
BONNIE,LEON,8
BONNIE,LILY,17
BONNIE,LOLA,4
BONNIE,LOU,7
BONNIE,LUMI,5
BONNIE,MAISIE,7
BONNIE,MANDY,31
BONNIE,MAX,4
BONNIE,MEEPLE,6
BONNIE,MEG,9
BONNIE,MELODIE,12
BONNIE,MICO,5
BONNIE,MOE,4
BONNIE,MORTIS,32
BONNIE,MR. P,4
BONNIE,NANI,6
BONNIE,NITA,10
BONNIE,OLLIE,2
BONNIE,OTIS,5
BONNIE,PAM,3
BONNIE,PEARL,3
BONNIE,PENNY,5
BONNIE,PIPER,29
BONNIE,POCO,1
BONNIE,R-T,4
BONNIE,RICO,10
BONNIE,ROSA,6
BONNIE,RUFFS,2
BONNIE,SAM,2
BONNIE,SANDY,5
BONNIE,SHADE,7
BONNIE,SHELLY,5
BONNIE,SPIKE,14
BONNIE,SQUEAK,11
BONNIE,STU,13
BONNIE,SURGE,9
BONNIE,TARA,3
BONNIE,TICK,18
BONNIE,WILLOW,3
BROCK,BROCK,1
BROCK,BULL,20
BROCK,BUSTER,8
BROCK,BUZZ,20
BROCK,BYRON,47
BROCK,CARL,19
BROCK,CHARLIE,6
BROCK,CHESTER,26
BROCK,CHUCK,6
BROCK,CLANCY,9
BROCK,COLETTE,107
BROCK,COLT,84
BROCK,CORDELIUS,10
BROCK,CROW,58
BROCK,DARRYL,22
BROCK,DOUG,10
BROCK,DRACO,6
BROCK,DYNAMIKE,96
BROCK,EDGAR,112
BROCK,EL PRIMO,28
BROCK,EMZ,47
BROCK,EVE,7
BROCK,FANG,78
BROCK,FINX,4
BROCK,FRANK,26
BROCK,GALE,10
BROCK,GENE,16
BROCK,GRAY,24
BROCK,GRIFF,22
BROCK,GROM,46
BROCK,GUS,34
BROCK,HANK,12
BROCK,JACKY,11
BROCK,JAE-YONG,13
BROCK,JANET,4
BROCK,JESSIE,38
BROCK,JUJU,9
BROCK,KAZE,19
BROCK,KENJI,23
BROCK,KIT,45
BROCK,LARRY & LAWRIE,5
BROCK,LEON,49
BROCK,LILY,38
BROCK,LOLA,6
BROCK,LOU,7
BROCK,LUMI,9
BROCK,MAISIE,16
BROCK,MANDY,126
BROCK,MAX,13
BROCK,MEEPLE,2
BROCK,MEG,10
BROCK,MELODIE,6
BROCK,MICO,16
BROCK,MOE,9
BROCK,MORTIS,90
BROCK,MR. P,20
BROCK,NANI,26
BROCK,NITA,22
BROCK,OLLIE,6
BROCK,OTIS,4
BROCK,PAM,13
BROCK,PEARL,7
BROCK,PENNY,13
BROCK,PIPER,167
BROCK,POCO,31
BROCK,R-T,9
BROCK,RICO,57
BROCK,ROSA,12
BROCK,RUFFS,2
BROCK,SAM,1
BROCK,SANDY,8
BROCK,SHADE,10
BROCK,SHELLY,22
BROCK,SPIKE,58
BROCK,SPROUT,17
BROCK,SQUEAK,69
BROCK,STU,33
BROCK,SURGE,31
BROCK,TARA,24
BROCK,TICK,82
BROCK,WILLOW,10
BULL,BUSTER,1
BULL,BUZZ,13
BULL,BYRON,11
BULL,CARL,13
BULL,CHARLIE,5
BULL,CHESTER,11
BULL,CHUCK,3
BULL,CLANCY,1
BULL,COLETTE,25
BULL,COLT,33
BULL,CORDELIUS,18
BULL,CROW,15
BULL,DARRYL,13
BULL,DOUG,7
BULL,DRACO,7
BULL,DYNAMIKE,41
BULL,EDGAR,40
BULL,EL PRIMO,19
BULL,EMZ,14
BULL,FANG,21
BULL,FINX,1
BULL,FRANK,22
BULL,GALE,2
BULL,GENE,5
BULL,GRAY,13
BULL,GRIFF,17
BULL,GROM,8
BULL,GUS,9
BULL,HANK,3
BULL,JACKY,10
BULL,JAE-YONG,6
BULL,JANET,4
BULL,JESSIE,13
BULL,JUJU,4
BULL,KAZE,4
BULL,KENJI,15
BULL,KIT,20
BULL,LARRY & LAWRIE,3
BULL,LEON,13
BULL,LILY,11
BULL,LOLA,4
BULL,LOU,4
BULL,LUMI,13
BULL,MAISIE,4
BULL,MANDY,23
BULL,MAX,9
BULL,MEEPLE,3
BULL,MEG,8
BULL,MELODIE,13
BULL,MICO,7
BULL,MOE,5
BULL,MORTIS,82
BULL,MR. P,2
BULL,NANI,2
BULL,NITA,20
BULL,OLLIE,1
BULL,OTIS,1
BULL,PAM,1
BULL,PEARL,2
BULL,PENNY,7
BULL,PIPER,10
BULL,POCO,9
BULL,R-T,2
BULL,RICO,46
BULL,ROSA,8
BULL,RUFFS,4
BULL,SAM,3
BULL,SANDY,12
BULL,SHADE,7
BULL,SHELLY,15
BULL,SPIKE,7
BULL,SPROUT,6
BULL,SQUEAK,10
BULL,STU,18
BULL,SURGE,24
BULL,TARA,14
BULL,TICK,23
BULL,WILLOW,3
BUSTER,BUZZ,5
BUSTER,BYRON,1
BUSTER,CARL,9
BUSTER,CHARLIE,7
BUSTER,CHESTER,2
BUSTER,CLANCY,4
BUSTER,COLETTE,8
BUSTER,COLT,16
BUSTER,CORDELIUS,4
BUSTER,CROW,11
BUSTER,DARRYL,3
BUSTER,DOUG,6
BUSTER,DRACO,3
BUSTER,DYNAMIKE,9
BUSTER,EDGAR,10
BUSTER,EL PRIMO,9
BUSTER,EMZ,9
BUSTER,FANG,15
BUSTER,FRANK,4
BUSTER,GALE,4
BUSTER,GENE,6
BUSTER,GRAY,4
BUSTER,GRIFF,9
BUSTER,GROM,8
BUSTER,GUS,7
BUSTER,HANK,1
BUSTER,JACKY,1
BUSTER,JAE-YONG,13
BUSTER,JANET,3
BUSTER,JESSIE,1
BUSTER,KAZE,6
BUSTER,KENJI,6
BUSTER,KIT,18
BUSTER,LARRY & LAWRIE,3
BUSTER,LEON,3
BUSTER,LILY,11
BUSTER,LOU,5
BUSTER,LUMI,2
BUSTER,MAISIE,4
BUSTER,MANDY,4
BUSTER,MAX,2
BUSTER,MEEPLE,3
BUSTER,MEG,1
BUSTER,MELODIE,17
BUSTER,MICO,1
BUSTER,MOE,3
BUSTER,MORTIS,28
BUSTER,MR. P,3
BUSTER,NANI,1
BUSTER,NITA,3
BUSTER,OLLIE,1
BUSTER,OTIS,8
BUSTER,PAM,1
BUSTER,PENNY,5
BUSTER,PIPER,3
BUSTER,POCO,3
BUSTER,R-T,3
BUSTER,RICO,13
BUSTER,ROSA,1
BUSTER,RUFFS,4
BUSTER,SAM,2
BUSTER,SANDY,4
BUSTER,SHADE,3
BUSTER,SHELLY,3
BUSTER,SPIKE,1
BUSTER,SPROUT,6
BUSTER,SQUEAK,8
BUSTER,STU,7
BUSTER,SURGE,7
BUSTER,TARA,11
BUSTER,TICK,4
BUSTER,WILLOW,2
BUZZ,BYRON,15
BUZZ,CARL,12
BUZZ,CHARLIE,3
BUZZ,CHESTER,11
BUZZ,CHUCK,3
BUZZ,CLANCY,7
BUZZ,COLETTE,30
BUZZ,COLT,53
BUZZ,CORDELIUS,20
BUZZ,CROW,26
BUZZ,DARRYL,12
BUZZ,DOUG,6
BUZZ,DRACO,13
BUZZ,DYNAMIKE,57
BUZZ,EDGAR,48
BUZZ,EL PRIMO,26
BUZZ,EMZ,16
BUZZ,EVE,1
BUZZ,FANG,31
BUZZ,FINX,2
BUZZ,FRANK,23
BUZZ,GALE,7
BUZZ,GENE,10
BUZZ,GRAY,9
BUZZ,GRIFF,14
BUZZ,GROM,16
BUZZ,GUS,16
BUZZ,HANK,6
BUZZ,JACKY,10
BUZZ,JAE-YONG,10
BUZZ,JANET,5
BUZZ,JESSIE,10
BUZZ,JUJU,4
BUZZ,KAZE,12
BUZZ,KENJI,10
BUZZ,KIT,22
BUZZ,LARRY & LAWRIE,5
BUZZ,LEON,23
BUZZ,LILY,20
BUZZ,LOLA,4
BUZZ,LOU,2
BUZZ,LUMI,6
BUZZ,MAISIE,7
BUZZ,MANDY,41
BUZZ,MAX,12
BUZZ,MEG,7
BUZZ,MELODIE,12
BUZZ,MICO,7
BUZZ,MOE,3
BUZZ,MORTIS,132
BUZZ,MR. P,8
BUZZ,NANI,2
BUZZ,NITA,8
BUZZ,OLLIE,4
BUZZ,OTIS,4
BUZZ,PAM,2
BUZZ,PEARL,2
BUZZ,PENNY,8
BUZZ,PIPER,24
BUZZ,POCO,16
BUZZ,R-T,3
BUZZ,RICO,46
BUZZ,ROSA,5
BUZZ,RUFFS,3
BUZZ,SAM,7
BUZZ,SANDY,11
BUZZ,SHADE,4
BUZZ,SHELLY,21
BUZZ,SPIKE,15
BUZZ,SPROUT,7
BUZZ,SQUEAK,14
BUZZ,STU,24
BUZZ,SURGE,21
BUZZ,TARA,15
BUZZ,TICK,32
BUZZ,WILLOW,2
BYRON,CARL,7
BYRON,CHARLIE,5
BYRON,CHESTER,11
BYRON,CHUCK,2
BYRON,CLANCY,5
BYRON,COLETTE,71
BYRON,COLT,50
BYRON,CORDELIUS,2
BYRON,CROW,18
BYRON,DARRYL,16
BYRON,DOUG,7
BYRON,DRACO,4
BYRON,DYNAMIKE,44
BYRON,EDGAR,73
BYRON,EL PRIMO,13
BYRON,EMZ,20
BYRON,FANG,26
BYRON,FINX,3
BYRON,FRANK,18
BYRON,GALE,3
BYRON,GENE,9
BYRON,GRAY,11
BYRON,GRIFF,7
BYRON,GROM,25
BYRON,GUS,19
BYRON,HANK,6
BYRON,JACKY,4
BYRON,JAE-YONG,4
BYRON,JANET,4
BYRON,JESSIE,21
BYRON,JUJU,6
BYRON,KAZE,9
BYRON,KENJI,7
BYRON,KIT,40
BYRON,LARRY & LAWRIE,1
BYRON,LEON,29
BYRON,LILY,13
BYRON,LOLA,5
BYRON,LOU,1
BYRON,LUMI,4
BYRON,MAISIE,8
BYRON,MANDY,78
BYRON,MAX,14
BYRON,MEEPLE,6
BYRON,MEG,4
BYRON,MELODIE,8
BYRON,MICO,2
BYRON,MOE,3
BYRON,MORTIS,74
BYRON,MR. P,15
BYRON,NANI,12
BYRON,NITA,13
BYRON,OLLIE,3
BYRON,OTIS,6
BYRON,PAM,9
BYRON,PEARL,1
BYRON,PENNY,23
BYRON,PIPER,82
BYRON,POCO,15
BYRON,R-T,3
BYRON,RICO,22
BYRON,ROSA,4
BYRON,RUFFS,2
BYRON,SAM,6
BYRON,SANDY,3
BYRON,SHADE,12
BYRON,SHELLY,7
BYRON,SPIKE,20
BYRON,SPROUT,8
BYRON,SQUEAK,34
BYRON,STU,17
BYRON,SURGE,7
BYRON,TARA,15
BYRON,TICK,50
BYRON,WILLOW,3
CARL,CHARLIE,8
CARL,CHESTER,15
CARL,CHUCK,9
CARL,CLANCY,1
CARL,COLETTE,18
CARL,COLT,37
CARL,CORDELIUS,18
CARL,CROW,19
CARL,DARRYL,11
CARL,DOUG,5
CARL,DRACO,10
CARL,DYNAMIKE,40
CARL,EDGAR,47
CARL,EL PRIMO,8
CARL,EMZ,25
CARL,EVE,1
CARL,FANG,26
CARL,FINX,5
CARL,FRANK,15
CARL,GALE,8
CARL,GENE,4
CARL,GRAY,7
CARL,GRIFF,21
CARL,GROM,16
CARL,GUS,16
CARL,HANK,11
CARL,JACKY,13
CARL,JAE-YONG,7
CARL,JANET,4
CARL,JESSIE,16
CARL,JUJU,4
CARL,KAZE,14
CARL,KENJI,17
CARL,KIT,15
CARL,LARRY & LAWRIE,2
CARL,LEON,11
CARL,LILY,18
CARL,LOLA,4
CARL,LOU,5
CARL,LUMI,7
CARL,MAISIE,12
CARL,MANDY,42
CARL,MAX,11
CARL,MEEPLE,8
CARL,MEG,4
CARL,MELODIE,11
CARL,MICO,9
CARL,MOE,2
CARL,MORTIS,98
CARL,MR. P,4
CARL,NANI,9
CARL,NITA,9
CARL,OLLIE,7
CARL,OTIS,1
CARL,PAM,3
CARL,PEARL,5
CARL,PENNY,7
CARL,PIPER,26
CARL,POCO,13
CARL,R-T,1
CARL,RICO,44
CARL,ROSA,6
CARL,SAM,5
CARL,SANDY,6
CARL,SHADE,7
CARL,SHELLY,10
CARL,SPIKE,24
CARL,SPROUT,10
CARL,SQUEAK,15
CARL,STU,19
CARL,SURGE,17
CARL,TARA,14
CARL,TICK,39
CARL,WILLOW,6
CHARLIE,CHESTER,7
CHARLIE,CHUCK,3
CHARLIE,COLETTE,11
CHARLIE,COLT,15
CHARLIE,CORDELIUS,18
CHARLIE,CROW,12
CHARLIE,DARRYL,3
CHARLIE,DOUG,1
CHARLIE,DRACO,6
CHARLIE,DYNAMIKE,14
CHARLIE,EDGAR,9
CHARLIE,EL PRIMO,5
CHARLIE,EMZ,8
CHARLIE,FANG,11
CHARLIE,FINX,1
CHARLIE,FRANK,8
CHARLIE,GALE,1
CHARLIE,GENE,3
CHARLIE,GRAY,7
CHARLIE,GRIFF,6
CHARLIE,GROM,4
CHARLIE,GUS,11
CHARLIE,HANK,2
CHARLIE,JACKY,2
CHARLIE,JAE-YONG,4
CHARLIE,JANET,6
CHARLIE,JESSIE,5
CHARLIE,KAZE,8
CHARLIE,KENJI,4
CHARLIE,KIT,2
CHARLIE,LEON,1
CHARLIE,LILY,10
CHARLIE,LOLA,1
CHARLIE,LOU,2
CHARLIE,LUMI,3
CHARLIE,MAISIE,3
CHARLIE,MANDY,13
CHARLIE,MAX,4
CHARLIE,MEEPLE,2
CHARLIE,MEG,5
CHARLIE,MICO,2
CHARLIE,MOE,2
CHARLIE,MORTIS,28
CHARLIE,MR. P,2
CHARLIE,NANI,1
CHARLIE,NITA,3
CHARLIE,OLLIE,1
CHARLIE,OTIS,2
CHARLIE,PAM,1
CHARLIE,PENNY,3
CHARLIE,PIPER,8
CHARLIE,POCO,1
CHARLIE,RICO,10
CHARLIE,ROSA,2
CHARLIE,SAM,2
CHARLIE,SANDY,4
CHARLIE,SHADE,1
CHARLIE,SHELLY,2
CHARLIE,SPIKE,11
CHARLIE,SPROUT,3
CHARLIE,SQUEAK,9
CHARLIE,STU,6
CHARLIE,SURGE,5
CHARLIE,TARA,6
CHARLIE,TICK,10
CHARLIE,WILLOW,1
CHESTER,CHUCK,4
CHESTER,CLANCY,10
CHESTER,COLETTE,27
CHESTER,COLT,45
CHESTER,CORDELIUS,19
CHESTER,CROW,23
CHESTER,DARRYL,12
CHESTER,DOUG,7
CHESTER,DRACO,5
CHESTER,DYNAMIKE,43
CHESTER,EDGAR,34
CHESTER,EL PRIMO,14
CHESTER,EMZ,15
CHESTER,EVE,2
CHESTER,FANG,14
CHESTER,FINX,1
CHESTER,FRANK,23
CHESTER,GALE,4
CHESTER,GENE,3
CHESTER,GRAY,9
CHESTER,GRIFF,12
CHESTER,GROM,14
CHESTER,GUS,9
CHESTER,HANK,5
CHESTER,JACKY,7
CHESTER,JAE-YONG,3
CHESTER,JANET,3
CHESTER,JESSIE,7
CHESTER,JUJU,5
CHESTER,KAZE,12
CHESTER,KENJI,25
CHESTER,KIT,10
CHESTER,LARRY & LAWRIE,2
CHESTER,LEON,14
CHESTER,LILY,14
CHESTER,LOLA,6
CHESTER,LOU,7
CHESTER,LUMI,4
CHESTER,MAISIE,7
CHESTER,MANDY,39
CHESTER,MAX,9
CHESTER,MEEPLE,1
CHESTER,MEG,4
CHESTER,MELODIE,6
CHESTER,MICO,6
CHESTER,MOE,1
CHESTER,MORTIS,89
CHESTER,MR. P,4
CHESTER,NANI,4
CHESTER,NITA,13
CHESTER,OLLIE,3
CHESTER,OTIS,2
CHESTER,PAM,4
CHESTER,PEARL,3
CHESTER,PENNY,6
CHESTER,PIPER,27
CHESTER,POCO,8
CHESTER,R-T,11
CHESTER,RICO,35
CHESTER,ROSA,6
CHESTER,RUFFS,1
CHESTER,SAM,1
CHESTER,SANDY,3
CHESTER,SHADE,8
CHESTER,SHELLY,8
CHESTER,SPIKE,21
CHESTER,SPROUT,6
CHESTER,SQUEAK,8
CHESTER,STU,24
CHESTER,SURGE,19
CHESTER,TARA,12
CHESTER,TICK,24
CHESTER,WILLOW,1
CHUCK,CLANCY,3
CHUCK,COLETTE,8
CHUCK,COLT,24
CHUCK,CORDELIUS,8
CHUCK,CROW,7
CHUCK,DARRYL,5
CHUCK,DOUG,5
CHUCK,DRACO,3
CHUCK,DYNAMIKE,12
CHUCK,EDGAR,20
CHUCK,EL PRIMO,3
CHUCK,EMZ,9
CHUCK,EVE,2
CHUCK,FANG,1
CHUCK,FINX,1
CHUCK,FRANK,6
CHUCK,GALE,2
CHUCK,GENE,1
CHUCK,GRAY,2
CHUCK,GRIFF,6
CHUCK,GROM,5
CHUCK,GUS,3
CHUCK,HANK,1
CHUCK,JACKY,2
CHUCK,JAE-YONG,4
CHUCK,JESSIE,19
CHUCK,KAZE,2
CHUCK,KENJI,2
CHUCK,KIT,5
CHUCK,LARRY & LAWRIE,1
CHUCK,LEON,4
CHUCK,LILY,5
CHUCK,LOLA,1
CHUCK,LOU,2
CHUCK,LUMI,4
CHUCK,MAISIE,2
CHUCK,MANDY,15
CHUCK,MAX,4
CHUCK,MEEPLE,2
CHUCK,MEG,1
CHUCK,MELODIE,5
CHUCK,MICO,9
CHUCK,MOE,1
CHUCK,MORTIS,12
CHUCK,MR. P,3
CHUCK,NITA,11
CHUCK,OLLIE,1
CHUCK,PAM,3
CHUCK,PEARL,1
CHUCK,PENNY,11
CHUCK,PIPER,9
CHUCK,R-T,1
CHUCK,RICO,9
CHUCK,SHADE,1
CHUCK,SHELLY,2
CHUCK,SPIKE,11
CHUCK,SQUEAK,8
CHUCK,STU,5
CHUCK,SURGE,3
CHUCK,TARA,7
CHUCK,TICK,11
CHUCK,WILLOW,1
CLANCY,COLETTE,9
CLANCY,COLT,19
CLANCY,CORDELIUS,14
CLANCY,CROW,6
CLANCY,DARRYL,6
CLANCY,DOUG,6
CLANCY,DRACO,8
CLANCY,DYNAMIKE,14
CLANCY,EDGAR,16
CLANCY,EL PRIMO,11
CLANCY,EMZ,13
CLANCY,FANG,8
CLANCY,FRANK,13
CLANCY,GALE,5
CLANCY,GENE,4
CLANCY,GRAY,4
CLANCY,GRIFF,12
CLANCY,GROM,5
CLANCY,GUS,1
CLANCY,HANK,3
CLANCY,JACKY,5
CLANCY,JAE-YONG,6
CLANCY,JESSIE,4
CLANCY,JUJU,1
CLANCY,KAZE,2
CLANCY,KENJI,3
CLANCY,KIT,4
CLANCY,LARRY & LAWRIE,4
CLANCY,LEON,4
CLANCY,LILY,14
CLANCY,LOLA,1
CLANCY,LOU,4
CLANCY,LUMI,2
CLANCY,MAISIE,3
CLANCY,MANDY,11
CLANCY,MAX,4
CLANCY,MEEPLE,3
CLANCY,MELODIE,2
CLANCY,MICO,3
CLANCY,MORTIS,63
CLANCY,MR. P,2
CLANCY,NANI,2
CLANCY,NITA,3
CLANCY,OLLIE,3
CLANCY,OTIS,1
CLANCY,PAM,2
CLANCY,PEARL,1
CLANCY,PENNY,6
CLANCY,PIPER,11
CLANCY,POCO,6
CLANCY,RICO,5
CLANCY,ROSA,1
CLANCY,SAM,1
CLANCY,SANDY,9
CLANCY,SHADE,8
CLANCY,SHELLY,6
CLANCY,SPIKE,6
CLANCY,SPROUT,2
CLANCY,SQUEAK,2
CLANCY,STU,11
CLANCY,SURGE,5
CLANCY,TARA,6
CLANCY,TICK,12
CLANCY,WILLOW,2
COLETTE,COLETTE,8
COLETTE,COLT,120
COLETTE,CORDELIUS,21
COLETTE,CROW,80
COLETTE,DARRYL,19
COLETTE,DOUG,26
COLETTE,DRACO,10
COLETTE,DYNAMIKE,121
COLETTE,EDGAR,274
COLETTE,EL PRIMO,44
COLETTE,EMZ,81
COLETTE,EVE,8
COLETTE,FANG,78
COLETTE,FINX,9
COLETTE,FRANK,50
COLETTE,GALE,27
COLETTE,GENE,10
COLETTE,GRAY,29
COLETTE,GRIFF,35
COLETTE,GROM,69
COLETTE,GUS,30
COLETTE,HANK,10
COLETTE,JACKY,7
COLETTE,JAE-YONG,12
COLETTE,JANET,10
COLETTE,JESSIE,61
COLETTE,JUJU,7
COLETTE,KAZE,24
COLETTE,KENJI,42
COLETTE,KIT,46
COLETTE,LARRY & LAWRIE,17
COLETTE,LEON,71
COLETTE,LILY,51
COLETTE,LOLA,13
COLETTE,LOU,9
COLETTE,LUMI,15
COLETTE,MAISIE,28
COLETTE,MANDY,265
COLETTE,MAX,30
COLETTE,MEEPLE,13
COLETTE,MEG,23
COLETTE,MELODIE,13
COLETTE,MICO,28
COLETTE,MOE,11
COLETTE,MORTIS,145
COLETTE,MR. P,25
COLETTE,NANI,27
COLETTE,NITA,25
COLETTE,OLLIE,2
COLETTE,OTIS,5
COLETTE,PAM,14
COLETTE,PEARL,9
COLETTE,PENNY,35
COLETTE,PIPER,226
COLETTE,POCO,50
COLETTE,R-T,7
COLETTE,RICO,65
COLETTE,ROSA,13
COLETTE,RUFFS,6
COLETTE,SAM,8
COLETTE,SANDY,19
COLETTE,SHADE,14
COLETTE,SHELLY,35
COLETTE,SPIKE,82
COLETTE,SPROUT,15
COLETTE,SQUEAK,118
COLETTE,STU,34
COLETTE,SURGE,50
COLETTE,TARA,21
COLETTE,TICK,147
COLETTE,WILLOW,14
COLT,COLT,4
COLT,CORDELIUS,36
COLT,CROW,77
COLT,DARRYL,41
COLT,DOUG,20
COLT,DRACO,20
COLT,DYNAMIKE,159
COLT,EDGAR,167
COLT,EL PRIMO,42
COLT,EMZ,60
COLT,EVE,8
COLT,FANG,114
COLT,FINX,6
COLT,FRANK,64
COLT,GALE,12
COLT,GENE,22
COLT,GRAY,27
COLT,GRIFF,58
COLT,GROM,41
COLT,GUS,25
COLT,HANK,20
COLT,JACKY,28
COLT,JAE-YONG,17
COLT,JANET,17
COLT,JESSIE,47
COLT,JUJU,10
COLT,KAZE,32
COLT,KENJI,48
COLT,KIT,76
COLT,LARRY & LAWRIE,15
COLT,LEON,51
COLT,LILY,39
COLT,LOLA,8
COLT,LOU,10
COLT,LUMI,31
COLT,MAISIE,18
COLT,MANDY,101
COLT,MAX,30
COLT,MEEPLE,17
COLT,MEG,11
COLT,MELODIE,30
COLT,MICO,13
COLT,MOE,7
COLT,MORTIS,349
COLT,MR. P,13
COLT,NANI,25
COLT,NITA,40
COLT,OLLIE,7
COLT,OTIS,9
COLT,PAM,18
COLT,PEARL,7
COLT,PENNY,33
COLT,PIPER,146
COLT,POCO,31
COLT,R-T,11
COLT,RICO,127
COLT,ROSA,9
COLT,RUFFS,3
COLT,SAM,7
COLT,SANDY,14
COLT,SHADE,22
COLT,SHELLY,32
COLT,SPIKE,59
COLT,SPROUT,13
COLT,SQUEAK,51
COLT,STU,68
COLT,SURGE,69
COLT,TARA,45
COLT,TICK,83
COLT,WILLOW,11
CORDELIUS,CROW,19
CORDELIUS,DARRYL,10
CORDELIUS,DOUG,9
CORDELIUS,DRACO,15
CORDELIUS,DYNAMIKE,41
CORDELIUS,EDGAR,37
CORDELIUS,EL PRIMO,10
CORDELIUS,EMZ,10
CORDELIUS,FANG,28
CORDELIUS,FINX,1
CORDELIUS,FRANK,33
CORDELIUS,GALE,12
CORDELIUS,GENE,6
CORDELIUS,GRAY,4
CORDELIUS,GRIFF,28
CORDELIUS,GROM,8
CORDELIUS,GUS,9
CORDELIUS,HANK,14
CORDELIUS,JACKY,6
CORDELIUS,JAE-YONG,6
CORDELIUS,JANET,8
CORDELIUS,JESSIE,8
CORDELIUS,JUJU,3
CORDELIUS,KAZE,10
CORDELIUS,KENJI,17
CORDELIUS,KIT,19
CORDELIUS,LARRY & LAWRIE,4
CORDELIUS,LEON,10
CORDELIUS,LILY,5
CORDELIUS,LOLA,5
CORDELIUS,LOU,7
CORDELIUS,LUMI,11
CORDELIUS,MAISIE,17
CORDELIUS,MANDY,36
CORDELIUS,MAX,6
CORDELIUS,MEEPLE,5
CORDELIUS,MEG,7
CORDELIUS,MELODIE,6
CORDELIUS,MICO,6
CORDELIUS,MOE,9
CORDELIUS,MORTIS,137
CORDELIUS,MR. P,7
CORDELIUS,NANI,5
CORDELIUS,NITA,6
CORDELIUS,OLLIE,3
CORDELIUS,OTIS,3
CORDELIUS,PAM,3
CORDELIUS,PEARL,1
CORDELIUS,PENNY,5
CORDELIUS,PIPER,20
CORDELIUS,POCO,11
CORDELIUS,R-T,6
CORDELIUS,RICO,30
CORDELIUS,ROSA,3
CORDELIUS,SAM,5
CORDELIUS,SANDY,10
CORDELIUS,SHADE,6
CORDELIUS,SHELLY,11
CORDELIUS,SPIKE,18
CORDELIUS,SPROUT,9
CORDELIUS,SQUEAK,18
CORDELIUS,STU,35
CORDELIUS,SURGE,19
CORDELIUS,TARA,5
CORDELIUS,TICK,40
CORDELIUS,WILLOW,5
CROW,DARRYL,19
CROW,DOUG,12
CROW,DRACO,6
CROW,DYNAMIKE,95
CROW,EDGAR,101
CROW,EL PRIMO,18
CROW,EMZ,30
CROW,EVE,6
CROW,FANG,40
CROW,FINX,1
CROW,FRANK,20
CROW,GALE,7
CROW,GENE,15
CROW,GRAY,8
CROW,GRIFF,20
CROW,GROM,30
CROW,GUS,16
CROW,HANK,9
CROW,JACKY,11
CROW,JAE-YONG,9
CROW,JANET,11
CROW,JESSIE,29
CROW,JUJU,3
CROW,KAZE,20
CROW,KENJI,33
CROW,KIT,29
CROW,LARRY & LAWRIE,5
CROW,LEON,43
CROW,LILY,41
CROW,LOLA,4
CROW,LOU,14
CROW,LUMI,10
CROW,MAISIE,10
CROW,MANDY,82
CROW,MAX,17
CROW,MEEPLE,8
CROW,MEG,6
CROW,MELODIE,5
CROW,MICO,15
CROW,MOE,1
CROW,MORTIS,120
CROW,MR. P,10
CROW,NANI,7
CROW,NITA,23
CROW,OLLIE,4
CROW,OTIS,3
CROW,PAM,5
CROW,PEARL,6
CROW,PENNY,19
CROW,PIPER,86
CROW,POCO,17
CROW,R-T,5
CROW,RICO,51
CROW,ROSA,3
CROW,RUFFS,3
CROW,SAM,2
CROW,SANDY,17
CROW,SHADE,10
CROW,SHELLY,17
CROW,SPIKE,32
CROW,SPROUT,21
CROW,SQUEAK,40
CROW,STU,43
CROW,SURGE,29
CROW,TARA,18
CROW,TICK,80
CROW,WILLOW,5
DARRYL,DOUG,9
DARRYL,DYNAMIKE,42
DARRYL,EDGAR,43
DARRYL,EL PRIMO,24
DARRYL,EMZ,20
DARRYL,EVE,2
DARRYL,FANG,31
DARRYL,FINX,6
DARRYL,FRANK,24
DARRYL,GALE,4
DARRYL,GENE,2
DARRYL,GRAY,16
DARRYL,GRIFF,32
DARRYL,GROM,18
DARRYL,GUS,14
DARRYL,HANK,6
DARRYL,JACKY,8
DARRYL,JAE-YONG,6
DARRYL,JANET,10
DARRYL,JESSIE,12
DARRYL,JUJU,3
DARRYL,KAZE,11
DARRYL,KENJI,17
DARRYL,KIT,46
DARRYL,LARRY & LAWRIE,2
DARRYL,LEON,14
DARRYL,LILY,13
DARRYL,LOLA,3
DARRYL,LOU,2
DARRYL,LUMI,3
DARRYL,MAISIE,2
DARRYL,MANDY,33
DARRYL,MAX,8
DARRYL,MEEPLE,4
DARRYL,MEG,3
DARRYL,MELODIE,10
DARRYL,MICO,4
DARRYL,MOE,6
DARRYL,MORTIS,109
DARRYL,MR. P,12
DARRYL,NANI,2
DARRYL,NITA,16
DARRYL,OLLIE,6
DARRYL,OTIS,1
DARRYL,PAM,5
DARRYL,PEARL,1
DARRYL,PENNY,3
DARRYL,PIPER,20
DARRYL,POCO,11
DARRYL,R-T,1
DARRYL,RICO,37
DARRYL,ROSA,2
DARRYL,SAM,5
DARRYL,SANDY,6
DARRYL,SHADE,12
DARRYL,SHELLY,16
DARRYL,SPIKE,29
DARRYL,SPROUT,8
DARRYL,SQUEAK,11
DARRYL,STU,23
DARRYL,SURGE,24
DARRYL,TARA,13
DARRYL,TICK,35
DARRYL,WILLOW,8
DOUG,DRACO,6
DOUG,DYNAMIKE,12
DOUG,EDGAR,17
DOUG,EL PRIMO,17
DOUG,EMZ,6
DOUG,EVE,3
DOUG,FANG,13
DOUG,FRANK,9
DOUG,GALE,3
DOUG,GENE,4
DOUG,GRAY,1
DOUG,GRIFF,8
DOUG,GROM,3
DOUG,GUS,4
DOUG,HANK,1
DOUG,JACKY,12
DOUG,JAE-YONG,1
DOUG,JANET,2
DOUG,JESSIE,4
DOUG,JUJU,1
DOUG,KAZE,6
DOUG,KENJI,7
DOUG,KIT,15
DOUG,LARRY & LAWRIE,3
DOUG,LEON,7
DOUG,LILY,4
DOUG,MAISIE,3
DOUG,MANDY,9
DOUG,MAX,6
DOUG,MEEPLE,4
DOUG,MELODIE,6
DOUG,MICO,2
DOUG,MOE,1
DOUG,MORTIS,39
DOUG,MR. P,2
DOUG,NANI,5
DOUG,NITA,10
DOUG,OLLIE,1
DOUG,OTIS,4
DOUG,PAM,2
DOUG,PEARL,1
DOUG,PENNY,4
DOUG,PIPER,10
DOUG,POCO,8
DOUG,R-T,4
DOUG,RICO,13
DOUG,ROSA,1
DOUG,RUFFS,6
DOUG,SAM,2
DOUG,SANDY,1
DOUG,SHADE,12
DOUG,SHELLY,4
DOUG,SPIKE,11
DOUG,SPROUT,1
DOUG,SQUEAK,3
DOUG,STU,9
DOUG,SURGE,11
DOUG,TARA,5
DOUG,TICK,10
DOUG,WILLOW,1
DRACO,DYNAMIKE,27
DRACO,EDGAR,18
DRACO,EL PRIMO,8
DRACO,EMZ,9
DRACO,EVE,2
DRACO,FANG,12
DRACO,FINX,1
DRACO,FRANK,11
DRACO,GALE,8
DRACO,GRAY,1
DRACO,GRIFF,11
DRACO,GUS,1
DRACO,JACKY,2
DRACO,JAE-YONG,7
DRACO,JANET,5
DRACO,JESSIE,7
DRACO,JUJU,2
DRACO,KAZE,5
DRACO,KENJI,12
DRACO,KIT,11
DRACO,LARRY & LAWRIE,5
DRACO,LEON,4
DRACO,LILY,14
DRACO,LOU,4
DRACO,LUMI,3
DRACO,MAISIE,7
DRACO,MANDY,8
DRACO,MAX,4
DRACO,MEEPLE,1
DRACO,MEG,4
DRACO,MELODIE,2
DRACO,MICO,2
DRACO,MOE,2
DRACO,MORTIS,50
DRACO,MR. P,1
DRACO,NANI,3
DRACO,NITA,11
DRACO,OLLIE,2
DRACO,OTIS,4
DRACO,PAM,3
DRACO,PEARL,1
DRACO,PENNY,8
DRACO,PIPER,12
DRACO,POCO,4
DRACO,R-T,4
DRACO,RICO,15
DRACO,ROSA,2
DRACO,RUFFS,2
DRACO,SAM,1
DRACO,SANDY,7
DRACO,SHADE,7
DRACO,SHELLY,11
DRACO,SPIKE,8
DRACO,SQUEAK,7
DRACO,STU,5
DRACO,SURGE,8
DRACO,TARA,6
DRACO,TICK,6
DRACO,WILLOW,1
DYNAMIKE,EDGAR,221
DYNAMIKE,EL PRIMO,56
DYNAMIKE,EMZ,74
DYNAMIKE,EVE,8
DYNAMIKE,FANG,141
DYNAMIKE,FINX,7
DYNAMIKE,FRANK,70
DYNAMIKE,GALE,27
DYNAMIKE,GENE,12
DYNAMIKE,GRAY,34
DYNAMIKE,GRIFF,40
DYNAMIKE,GROM,61
DYNAMIKE,GUS,23
DYNAMIKE,HANK,17
DYNAMIKE,JACKY,29
DYNAMIKE,JAE-YONG,9
DYNAMIKE,JANET,17
DYNAMIKE,JESSIE,51
DYNAMIKE,JUJU,14
DYNAMIKE,KAZE,35
DYNAMIKE,KENJI,42
DYNAMIKE,KIT,64
DYNAMIKE,LARRY & LAWRIE,19
DYNAMIKE,LEON,57
DYNAMIKE,LILY,40
DYNAMIKE,LOLA,5
DYNAMIKE,LOU,6
DYNAMIKE,LUMI,12
DYNAMIKE,MAISIE,35
DYNAMIKE,MANDY,122
DYNAMIKE,MAX,26
DYNAMIKE,MEEPLE,12
DYNAMIKE,MEG,18
DYNAMIKE,MELODIE,26
DYNAMIKE,MICO,30
DYNAMIKE,MOE,10
DYNAMIKE,MORTIS,422
DYNAMIKE,MR. P,17
DYNAMIKE,NANI,9
DYNAMIKE,NITA,29
DYNAMIKE,OLLIE,8
DYNAMIKE,OTIS,9
DYNAMIKE,PAM,8
DYNAMIKE,PEARL,9
DYNAMIKE,PENNY,25
DYNAMIKE,PIPER,133
DYNAMIKE,POCO,36
DYNAMIKE,R-T,2
DYNAMIKE,RICO,152
DYNAMIKE,ROSA,6
DYNAMIKE,RUFFS,6
DYNAMIKE,SAM,6
DYNAMIKE,SANDY,34
DYNAMIKE,SHADE,34
DYNAMIKE,SHELLY,32
DYNAMIKE,SPIKE,95
DYNAMIKE,SPROUT,12
DYNAMIKE,SQUEAK,61
DYNAMIKE,STU,64
DYNAMIKE,SURGE,81
DYNAMIKE,TARA,41
DYNAMIKE,TICK,114
DYNAMIKE,WILLOW,14
EDGAR,EDGAR,8
EDGAR,EL PRIMO,61
EDGAR,EMZ,124
EDGAR,EVE,3
EDGAR,FANG,175
EDGAR,FINX,8
EDGAR,FRANK,82
EDGAR,GALE,26
EDGAR,GENE,26
EDGAR,GRAY,34
EDGAR,GRIFF,61
EDGAR,GROM,74
EDGAR,GUS,48
EDGAR,HANK,13
EDGAR,JACKY,12
EDGAR,JAE-YONG,17
EDGAR,JANET,35
EDGAR,JESSIE,84
EDGAR,JUJU,21
EDGAR,KAZE,45
EDGAR,KENJI,81
EDGAR,KIT,106
EDGAR,LARRY & LAWRIE,15
EDGAR,LEON,128
EDGAR,LILY,68
EDGAR,LOLA,17
EDGAR,LOU,13
EDGAR,LUMI,25
EDGAR,MAISIE,43
EDGAR,MANDY,249
EDGAR,MAX,36
EDGAR,MEEPLE,14
EDGAR,MEG,27
EDGAR,MELODIE,22
EDGAR,MICO,39
EDGAR,MOE,5
EDGAR,MORTIS,380
EDGAR,MR. P,33
EDGAR,NANI,24
EDGAR,NITA,53
EDGAR,OLLIE,11
EDGAR,OTIS,7
EDGAR,PAM,16
EDGAR,PEARL,5
EDGAR,PENNY,51
EDGAR,PIPER,293
EDGAR,POCO,49
EDGAR,R-T,10
EDGAR,RICO,133
EDGAR,ROSA,4
EDGAR,RUFFS,7
EDGAR,SAM,8
EDGAR,SANDY,38
EDGAR,SHADE,32
EDGAR,SHELLY,57
EDGAR,SPIKE,105
EDGAR,SPROUT,27
EDGAR,SQUEAK,101
EDGAR,STU,69
EDGAR,SURGE,73
EDGAR,TARA,52
EDGAR,TICK,185
EDGAR,WILLOW,22
EL PRIMO,EMZ,25
EL PRIMO,EVE,1
EL PRIMO,FANG,40
EL PRIMO,FINX,5
EL PRIMO,FRANK,34
EL PRIMO,GALE,13
EL PRIMO,GENE,5
EL PRIMO,GRAY,2
EL PRIMO,GRIFF,17
EL PRIMO,GROM,15
EL PRIMO,GUS,13
EL PRIMO,HANK,5
EL PRIMO,JACKY,14
EL PRIMO,JAE-YONG,2
EL PRIMO,JANET,11
EL PRIMO,JESSIE,25
EL PRIMO,JUJU,3
EL PRIMO,KAZE,10
EL PRIMO,KENJI,12
EL PRIMO,KIT,16
EL PRIMO,LARRY & LAWRIE,6
EL PRIMO,LEON,16
EL PRIMO,LILY,15
EL PRIMO,LOLA,3
EL PRIMO,LOU,2
EL PRIMO,LUMI,7
EL PRIMO,MAISIE,6
EL PRIMO,MANDY,37
EL PRIMO,MAX,11
EL PRIMO,MEEPLE,4
EL PRIMO,MEG,4
EL PRIMO,MELODIE,6
EL PRIMO,MICO,10
EL PRIMO,MOE,4
EL PRIMO,MORTIS,107
EL PRIMO,MR. P,6
EL PRIMO,NANI,7
EL PRIMO,NITA,26
EL PRIMO,OLLIE,2
EL PRIMO,OTIS,3
EL PRIMO,PAM,4
EL PRIMO,PEARL,7
EL PRIMO,PENNY,14
EL PRIMO,PIPER,22
EL PRIMO,POCO,17
EL PRIMO,R-T,8
EL PRIMO,RICO,43
EL PRIMO,ROSA,9
EL PRIMO,RUFFS,3
EL PRIMO,SAM,4
EL PRIMO,SANDY,10
EL PRIMO,SHADE,12
EL PRIMO,SHELLY,23
EL PRIMO,SPIKE,24
EL PRIMO,SPROUT,3
EL PRIMO,SQUEAK,20
EL PRIMO,STU,23
EL PRIMO,SURGE,20
EL PRIMO,TARA,11
EL PRIMO,TICK,25
EL PRIMO,WILLOW,3
EMZ,EMZ,1
EMZ,FANG,50
EMZ,FINX,4
EMZ,FRANK,40
EMZ,GALE,9
EMZ,GENE,15
EMZ,GRAY,15
EMZ,GRIFF,33
EMZ,GROM,33
EMZ,GUS,17
EMZ,HANK,7
EMZ,JACKY,11
EMZ,JAE-YONG,3
EMZ,JANET,10
EMZ,JESSIE,40
EMZ,JUJU,7
EMZ,KAZE,20
EMZ,KENJI,31
EMZ,KIT,18
EMZ,LARRY & LAWRIE,8
EMZ,LEON,29
EMZ,LILY,22
EMZ,LOLA,11
EMZ,LOU,8
EMZ,LUMI,9
EMZ,MAISIE,12
EMZ,MANDY,75
EMZ,MAX,17
EMZ,MEEPLE,4
EMZ,MEG,12
EMZ,MELODIE,10
EMZ,MICO,11
EMZ,MOE,6
EMZ,MORTIS,87
EMZ,MR. P,5
EMZ,NANI,3
EMZ,NITA,28
EMZ,OLLIE,2
EMZ,OTIS,5
EMZ,PAM,5
EMZ,PEARL,4
EMZ,PENNY,24
EMZ,PIPER,76
EMZ,POCO,29
EMZ,R-T,2
EMZ,RICO,42
EMZ,ROSA,5
EMZ,RUFFS,3
EMZ,SAM,4
EMZ,SANDY,12
EMZ,SHADE,21
EMZ,SHELLY,26
EMZ,SPIKE,64
EMZ,SPROUT,8
EMZ,SQUEAK,46
EMZ,STU,22
EMZ,SURGE,27
EMZ,TARA,22
EMZ,TICK,57
EMZ,WILLOW,4
EVE,FANG,4
EVE,FRANK,1
EVE,GALE,2
EVE,GRAY,3
EVE,GRIFF,4
EVE,GROM,1
EVE,GUS,5
EVE,JANET,1
EVE,JESSIE,2
EVE,KAZE,1
EVE,KIT,1
EVE,LARRY & LAWRIE,3
EVE,LEON,2
EVE,LILY,6
EVE,LOLA,2
EVE,LOU,1
EVE,LUMI,1
EVE,MAISIE,3
EVE,MANDY,7
EVE,MAX,4
EVE,MORTIS,9
EVE,MR. P,1
EVE,NANI,6
EVE,NITA,4
EVE,OTIS,1
EVE,PAM,2
EVE,PENNY,1
EVE,PIPER,10
EVE,POCO,3
EVE,RICO,12
EVE,ROSA,1
EVE,SANDY,2
EVE,SHADE,1
EVE,SHELLY,4
EVE,SPIKE,4
EVE,SQUEAK,3
EVE,STU,5
EVE,SURGE,1
EVE,TARA,5
EVE,TICK,4
EVE,WILLOW,1
FANG,FANG,1
FANG,FINX,6
FANG,FRANK,51
FANG,GALE,20
FANG,GENE,15
FANG,GRAY,18
FANG,GRIFF,38
FANG,GROM,53
FANG,GUS,13
FANG,HANK,24
FANG,JACKY,11
FANG,JAE-YONG,7
FANG,JANET,9
FANG,JESSIE,40
FANG,JUJU,4
FANG,KAZE,26
FANG,KENJI,48
FANG,KIT,50
FANG,LARRY & LAWRIE,7
FANG,LEON,40
FANG,LILY,36
FANG,LOLA,6
FANG,LOU,10
FANG,LUMI,13
FANG,MAISIE,19
FANG,MANDY,88
FANG,MAX,31
FANG,MEEPLE,7
FANG,MEG,11
FANG,MELODIE,12
FANG,MICO,24
FANG,MOE,8
FANG,MORTIS,263
FANG,MR. P,23
FANG,NANI,13
FANG,NITA,22
FANG,OLLIE,7
FANG,OTIS,7
FANG,PAM,6
FANG,PEARL,7
FANG,PENNY,24
FANG,PIPER,94
FANG,POCO,16
FANG,R-T,5
FANG,RICO,106
FANG,ROSA,3
FANG,RUFFS,8
FANG,SAM,5
FANG,SANDY,39
FANG,SHADE,16
FANG,SHELLY,25
FANG,SPIKE,53
FANG,SPROUT,16
FANG,SQUEAK,44
FANG,STU,47
FANG,SURGE,69
FANG,TARA,45
FANG,TICK,102
FANG,WILLOW,8
FINX,FRANK,7
FINX,GENE,3
FINX,GRAY,1
FINX,GRIFF,3
FINX,GROM,1
FINX,GUS,1
FINX,HANK,1
FINX,JACKY,1
FINX,JAE-YONG,1
FINX,JANET,2
FINX,JESSIE,1
FINX,JUJU,2
FINX,KAZE,2
FINX,KENJI,5
FINX,KIT,2
FINX,LARRY & LAWRIE,4
FINX,LEON,2
FINX,LILY,3
FINX,LOU,4
FINX,MAISIE,5
FINX,MANDY,6
FINX,MAX,2
FINX,MEEPLE,1
FINX,MELODIE,2
FINX,MOE,1
FINX,MORTIS,8
FINX,MR. P,1
FINX,NANI,1
FINX,NITA,3
FINX,PAM,2
FINX,PIPER,7
FINX,POCO,1
FINX,RICO,6
FINX,ROSA,1
FINX,RUFFS,1
FINX,SANDY,4
FINX,SHELLY,1
FINX,SPIKE,2
FINX,SQUEAK,2
FINX,STU,6
FINX,SURGE,3
FINX,TARA,2
FINX,TICK,5
FINX,WILLOW,4
FRANK,FRANK,1
FRANK,GALE,9
FRANK,GENE,10
FRANK,GRAY,10
FRANK,GRIFF,36
FRANK,GROM,18
FRANK,GUS,17
FRANK,HANK,10
FRANK,JACKY,20
FRANK,JAE-YONG,7
FRANK,JANET,6
FRANK,JESSIE,22
FRANK,JUJU,8
FRANK,KAZE,11
FRANK,KENJI,17
FRANK,KIT,31
FRANK,LARRY & LAWRIE,5
FRANK,LEON,23
FRANK,LILY,17
FRANK,LOLA,6
FRANK,LOU,5
FRANK,LUMI,4
FRANK,MAISIE,12
FRANK,MANDY,40
FRANK,MAX,22
FRANK,MEEPLE,8
FRANK,MEG,9
FRANK,MELODIE,10
FRANK,MICO,10
FRANK,MOE,4
FRANK,MORTIS,168
FRANK,MR. P,5
FRANK,NANI,6
FRANK,NITA,14
FRANK,OLLIE,5
FRANK,PAM,6
FRANK,PEARL,11
FRANK,PENNY,10
FRANK,PIPER,50
FRANK,POCO,27
FRANK,R-T,5
FRANK,RICO,53
FRANK,ROSA,5
FRANK,RUFFS,6
FRANK,SAM,4
FRANK,SANDY,13
FRANK,SHADE,12
FRANK,SHELLY,25
FRANK,SPIKE,32
FRANK,SPROUT,7
FRANK,SQUEAK,23
FRANK,STU,42
FRANK,SURGE,25
FRANK,TARA,16
FRANK,TICK,28
FRANK,WILLOW,7
GALE,GENE,4
GALE,GRAY,6
GALE,GRIFF,6
GALE,GROM,8
GALE,GUS,5
GALE,HANK,1
GALE,JACKY,1
GALE,JAE-YONG,7
GALE,JANET,9
GALE,JESSIE,6
GALE,JUJU,2
GALE,KAZE,8
GALE,KENJI,8
GALE,KIT,11
GALE,LARRY & LAWRIE,3
GALE,LEON,7
GALE,LILY,14
GALE,LOLA,2
GALE,LOU,3
GALE,LUMI,7
GALE,MAISIE,3
GALE,MANDY,24
GALE,MAX,1
GALE,MEEPLE,2
GALE,MEG,4
GALE,MELODIE,2
GALE,MICO,6
GALE,MOE,7
GALE,MORTIS,36
GALE,MR. P,3
GALE,NANI,10
GALE,NITA,7
GALE,OLLIE,1
GALE,OTIS,1
GALE,PAM,2
GALE,PEARL,5
GALE,PENNY,6
GALE,PIPER,14
GALE,POCO,4
GALE,R-T,3
GALE,RICO,13
GALE,ROSA,3
GALE,RUFFS,4
GALE,SAM,1
GALE,SANDY,2
GALE,SHADE,3
GALE,SHELLY,11
GALE,SPIKE,8
GALE,SPROUT,5
GALE,SQUEAK,8
GALE,STU,9
GALE,SURGE,7
GALE,TARA,5
GALE,TICK,15
GALE,WILLOW,3
GENE,GRAY,7
GENE,GRIFF,2
GENE,GROM,10
GENE,GUS,10
GENE,HANK,3
GENE,JACKY,2
GENE,JAE-YONG,5
GENE,JANET,3
GENE,JESSIE,4
GENE,JUJU,4
GENE,KAZE,6
GENE,KENJI,8
GENE,KIT,15
GENE,LARRY & LAWRIE,9
GENE,LEON,18
GENE,LILY,10
GENE,LOLA,1
GENE,LOU,2
GENE,LUMI,4
GENE,MAISIE,9
GENE,MANDY,24
GENE,MAX,9
GENE,MEEPLE,3
GENE,MEG,1
GENE,MELODIE,3
GENE,MICO,3
GENE,MOE,2
GENE,MORTIS,35
GENE,MR. P,5
GENE,NANI,6
GENE,NITA,8
GENE,OLLIE,3
GENE,OTIS,3
GENE,PAM,5
GENE,PEARL,3
GENE,PENNY,6
GENE,PIPER,33
GENE,POCO,8
GENE,R-T,2
GENE,RICO,15
GENE,ROSA,3
GENE,RUFFS,2
GENE,SAM,2
GENE,SANDY,1
GENE,SHADE,5
GENE,SHELLY,6
GENE,SPIKE,15
GENE,SPROUT,6
GENE,SQUEAK,7
GENE,STU,11
GENE,SURGE,11
GENE,TARA,9
GENE,TICK,25
GENE,WILLOW,3
GRAY,GRIFF,13
GRAY,GROM,22
GRAY,GUS,14
GRAY,HANK,9
GRAY,JACKY,5
GRAY,JAE-YONG,4
GRAY,JANET,8
GRAY,JESSIE,12
GRAY,JUJU,2
GRAY,KAZE,7
GRAY,KENJI,3
GRAY,KIT,18
GRAY,LEON,16
GRAY,LILY,14
GRAY,LOLA,4
GRAY,LOU,6
GRAY,LUMI,7
GRAY,MAISIE,5
GRAY,MANDY,35
GRAY,MAX,7
GRAY,MEEPLE,3
GRAY,MEG,5
GRAY,MELODIE,7
GRAY,MICO,5
GRAY,MOE,2
GRAY,MORTIS,41
GRAY,MR. P,5
GRAY,NANI,12
GRAY,NITA,6
GRAY,OLLIE,12
GRAY,OTIS,3
GRAY,PAM,3
GRAY,PEARL,2
GRAY,PENNY,8
GRAY,PIPER,49
GRAY,POCO,2
GRAY,R-T,2
GRAY,RICO,26
GRAY,ROSA,3
GRAY,RUFFS,1
GRAY,SAM,3
GRAY,SANDY,6
GRAY,SHADE,7
GRAY,SHELLY,9
GRAY,SPIKE,17
GRAY,SPROUT,7
GRAY,SQUEAK,13
GRAY,STU,9
GRAY,SURGE,9
GRAY,TARA,5
GRAY,TICK,20
GRAY,WILLOW,4
GRIFF,GROM,25
GRIFF,GUS,11
GRIFF,HANK,6
GRIFF,JACKY,11
GRIFF,JAE-YONG,4
GRIFF,JANET,7
GRIFF,JESSIE,24
GRIFF,JUJU,5
GRIFF,KAZE,10
GRIFF,KENJI,30
GRIFF,KIT,16
GRIFF,LARRY & LAWRIE,5
GRIFF,LEON,23
GRIFF,LILY,14
GRIFF,LOLA,3
GRIFF,LOU,5
GRIFF,LUMI,12
GRIFF,MAISIE,11
GRIFF,MANDY,32
GRIFF,MAX,11
GRIFF,MEEPLE,5
GRIFF,MEG,4
GRIFF,MELODIE,10
GRIFF,MICO,12
GRIFF,MOE,6
GRIFF,MORTIS,102
GRIFF,MR. P,10
GRIFF,NANI,6
GRIFF,NITA,15
GRIFF,OLLIE,2
GRIFF,OTIS,3
GRIFF,PAM,9
GRIFF,PEARL,1
GRIFF,PENNY,11
GRIFF,PIPER,34
GRIFF,POCO,18
GRIFF,R-T,3
GRIFF,RICO,50
GRIFF,ROSA,7
GRIFF,RUFFS,3
GRIFF,SAM,5
GRIFF,SANDY,23
GRIFF,SHADE,11
GRIFF,SHELLY,13
GRIFF,SPIKE,35
GRIFF,SPROUT,10
GRIFF,SQUEAK,25
GRIFF,STU,19
GRIFF,SURGE,33
GRIFF,TARA,24
GRIFF,TICK,36
GRIFF,WILLOW,6
GROM,GUS,11
GROM,HANK,7
GROM,JACKY,7
GROM,JAE-YONG,5
GROM,JANET,5
GROM,JESSIE,28
GROM,JUJU,10
GROM,KAZE,15
GROM,KENJI,12
GROM,KIT,18
GROM,LARRY & LAWRIE,3
GROM,LEON,22
GROM,LILY,18
GROM,LOLA,4
GROM,LOU,3
GROM,LUMI,6
GROM,MAISIE,8
GROM,MANDY,81
GROM,MAX,11
GROM,MEEPLE,4
GROM,MEG,3
GROM,MELODIE,8
GROM,MICO,7
GROM,MOE,4
GROM,MORTIS,55
GROM,MR. P,12
GROM,NANI,17
GROM,NITA,14
GROM,OLLIE,1
GROM,OTIS,3
GROM,PAM,8
GROM,PEARL,5
GROM,PENNY,15
GROM,PIPER,109
GROM,POCO,12
GROM,R-T,9
GROM,RICO,36
GROM,ROSA,3
GROM,RUFFS,3
GROM,SAM,4
GROM,SANDY,4
GROM,SHADE,8
GROM,SHELLY,17
GROM,SPIKE,33
GROM,SPROUT,13
GROM,SQUEAK,23
GROM,STU,14
GROM,SURGE,25
GROM,TARA,13
GROM,TICK,62
GROM,WILLOW,4
GUS,HANK,6
GUS,JACKY,4
GUS,JAE-YONG,6
GUS,JANET,7
GUS,JESSIE,11
GUS,JUJU,4
GUS,KAZE,9
GUS,KENJI,20
GUS,KIT,14
GUS,LARRY & LAWRIE,7
GUS,LEON,27
GUS,LILY,18
GUS,LOLA,1
GUS,LOU,8
GUS,LUMI,8
GUS,MAISIE,6
GUS,MANDY,44
GUS,MAX,13
GUS,MEEPLE,8
GUS,MEG,2
GUS,MELODIE,7
GUS,MICO,6
GUS,MOE,4
GUS,MORTIS,43
GUS,MR. P,10
GUS,NANI,9
GUS,NITA,6
GUS,OLLIE,2
GUS,OTIS,5
GUS,PAM,10
GUS,PEARL,3
GUS,PENNY,11
GUS,PIPER,60
GUS,POCO,9
GUS,R-T,3
GUS,RICO,15
GUS,ROSA,2
GUS,RUFFS,1
GUS,SAM,3
GUS,SANDY,8
GUS,SHADE,8
GUS,SHELLY,6
GUS,SPIKE,14
GUS,SPROUT,5
GUS,SQUEAK,15
GUS,STU,15
GUS,SURGE,10
GUS,TARA,19
GUS,TICK,32
GUS,WILLOW,6
HANK,JACKY,5
HANK,JAE-YONG,7
HANK,JANET,1
HANK,JESSIE,5
HANK,JUJU,3
HANK,KAZE,14
HANK,KENJI,15
HANK,KIT,7
HANK,LARRY & LAWRIE,2
HANK,LEON,27
HANK,LILY,12
HANK,LOLA,2
HANK,LUMI,8
HANK,MAISIE,4
HANK,MANDY,9
HANK,MAX,10
HANK,MEEPLE,5
HANK,MEG,3
HANK,MELODIE,1
HANK,MICO,4
HANK,MOE,5
HANK,MORTIS,29
HANK,MR. P,2
HANK,NANI,5
HANK,NITA,13
HANK,OTIS,1
HANK,PAM,3
HANK,PEARL,4
HANK,PENNY,2
HANK,PIPER,8
HANK,POCO,15
HANK,R-T,2
HANK,RICO,16
HANK,ROSA,3
HANK,RUFFS,1
HANK,SAM,2
HANK,SANDY,4
HANK,SHADE,8
HANK,SHELLY,13
HANK,SPIKE,13
HANK,SPROUT,1
HANK,SQUEAK,2
HANK,STU,9
HANK,SURGE,9
HANK,TARA,7
HANK,TICK,12
HANK,WILLOW,1
JACKY,JAE-YONG,1
JACKY,JANET,4
JACKY,JESSIE,12
JACKY,JUJU,1
JACKY,KAZE,9
JACKY,KENJI,9
JACKY,KIT,6
JACKY,LARRY & LAWRIE,3
JACKY,LEON,7
JACKY,LILY,4
JACKY,LOLA,2
JACKY,LOU,3
JACKY,LUMI,9
JACKY,MAISIE,4
JACKY,MANDY,7
JACKY,MAX,6
JACKY,MEEPLE,2
JACKY,MEG,2
JACKY,MELODIE,6
JACKY,MICO,3
JACKY,MOE,2
JACKY,MORTIS,71
JACKY,MR. P,1
JACKY,NANI,1
JACKY,NITA,12
JACKY,OLLIE,3
JACKY,OTIS,2
JACKY,PAM,2
JACKY,PEARL,2
JACKY,PENNY,12
JACKY,PIPER,10
JACKY,POCO,11
JACKY,R-T,1
JACKY,RICO,22
JACKY,ROSA,3
JACKY,RUFFS,2
JACKY,SANDY,2
JACKY,SHADE,14
JACKY,SHELLY,10
JACKY,SPIKE,7
JACKY,SPROUT,3
JACKY,SQUEAK,6
JACKY,STU,12
JACKY,SURGE,15
JACKY,TARA,6
JACKY,TICK,17
JACKY,WILLOW,7
JAE-YONG,JANET,10
JAE-YONG,JESSIE,2
JAE-YONG,JUJU,6
JAE-YONG,KAZE,16
JAE-YONG,KENJI,8
JAE-YONG,KIT,10
JAE-YONG,LEON,5
JAE-YONG,LILY,4
JAE-YONG,LOLA,6
JAE-YONG,LOU,3
JAE-YONG,LUMI,5
JAE-YONG,MAISIE,2
JAE-YONG,MANDY,10
JAE-YONG,MAX,2
JAE-YONG,MEEPLE,3
JAE-YONG,MEG,3
JAE-YONG,MELODIE,3
JAE-YONG,MICO,2
JAE-YONG,MOE,1
JAE-YONG,MORTIS,21
JAE-YONG,MR. P,1
JAE-YONG,NANI,1
JAE-YONG,NITA,6
JAE-YONG,OLLIE,4
JAE-YONG,OTIS,2
JAE-YONG,PEARL,2
JAE-YONG,PENNY,2
JAE-YONG,PIPER,8
JAE-YONG,POCO,6
JAE-YONG,R-T,1
JAE-YONG,RICO,4
JAE-YONG,ROSA,1
JAE-YONG,RUFFS,1
JAE-YONG,SANDY,4
JAE-YONG,SHADE,4
JAE-YONG,SHELLY,9
JAE-YONG,SPIKE,12
JAE-YONG,SPROUT,5
JAE-YONG,SQUEAK,7
JAE-YONG,STU,6
JAE-YONG,SURGE,9
JAE-YONG,TARA,4
JAE-YONG,TICK,7
JAE-YONG,WILLOW,2
JANET,JANET,2
JANET,JESSIE,12
JANET,JUJU,3
JANET,KAZE,6
JANET,KENJI,4
JANET,KIT,19
JANET,LARRY & LAWRIE,1
JANET,LEON,8
JANET,LILY,10
JANET,LOLA,3
JANET,LUMI,1
JANET,MAISIE,3
JANET,MANDY,10
JANET,MAX,5
JANET,MEEPLE,2
JANET,MEG,1
JANET,MELODIE,4
JANET,MICO,3
JANET,MORTIS,23
JANET,NANI,1
JANET,NITA,2
JANET,OLLIE,1
JANET,OTIS,1
JANET,PAM,3
JANET,PEARL,2
JANET,PENNY,3
JANET,PIPER,11
JANET,POCO,5
JANET,R-T,2
JANET,RICO,10
JANET,ROSA,3
JANET,RUFFS,1
JANET,SAM,2
JANET,SANDY,4
JANET,SHADE,2
JANET,SHELLY,3
JANET,SPIKE,5
JANET,SPROUT,3
JANET,SQUEAK,15
JANET,STU,8
JANET,SURGE,2
JANET,TARA,5
JANET,TICK,7
JANET,WILLOW,1
JESSIE,JUJU,10
JESSIE,KAZE,14
JESSIE,KENJI,12
JESSIE,KIT,16
JESSIE,LARRY & LAWRIE,3
JESSIE,LEON,20
JESSIE,LILY,23
JESSIE,LOLA,7
JESSIE,LOU,6
JESSIE,LUMI,9
JESSIE,MAISIE,9
JESSIE,MANDY,43
JESSIE,MAX,5
JESSIE,MEEPLE,7
JESSIE,MEG,8
JESSIE,MELODIE,12
JESSIE,MICO,16
JESSIE,MOE,2
JESSIE,MORTIS,62
JESSIE,MR. P,8
JESSIE,NANI,7
JESSIE,NITA,24
JESSIE,OTIS,5
JESSIE,PAM,5
JESSIE,PEARL,5
JESSIE,PENNY,22
JESSIE,PIPER,30
JESSIE,POCO,18
JESSIE,R-T,2
JESSIE,RICO,35
JESSIE,ROSA,5
JESSIE,RUFFS,2
JESSIE,SAM,2
JESSIE,SANDY,10
JESSIE,SHADE,8
JESSIE,SHELLY,14
JESSIE,SPIKE,25
JESSIE,SPROUT,2
JESSIE,SQUEAK,32
JESSIE,STU,17
JESSIE,SURGE,16
JESSIE,TARA,15
JESSIE,TICK,41
JESSIE,WILLOW,7
JUJU,KAZE,1
JUJU,KENJI,4
JUJU,KIT,6
JUJU,LARRY & LAWRIE,2
JUJU,LEON,5
JUJU,LILY,5
JUJU,LOLA,3
JUJU,LUMI,2
JUJU,MAISIE,5
JUJU,MANDY,8
JUJU,MAX,3
JUJU,MEEPLE,3
JUJU,MEG,1
JUJU,MELODIE,3
JUJU,MICO,2
JUJU,MORTIS,15
JUJU,MR. P,4
JUJU,NANI,1
JUJU,NITA,4
JUJU,OLLIE,1
JUJU,OTIS,2
JUJU,PAM,1
JUJU,PEARL,1
JUJU,PENNY,3
JUJU,PIPER,14
JUJU,POCO,5
JUJU,R-T,1
JUJU,RICO,8
JUJU,RUFFS,1
JUJU,SANDY,1
JUJU,SHADE,9
JUJU,SHELLY,3
JUJU,SPIKE,8
JUJU,SPROUT,1
JUJU,SQUEAK,8
JUJU,STU,1
JUJU,SURGE,12
JUJU,TARA,3
JUJU,TICK,14
JUJU,WILLOW,1
KAZE,KENJI,15
KAZE,KIT,17
KAZE,LARRY & LAWRIE,2
KAZE,LEON,7
KAZE,LILY,15
KAZE,LOLA,6
KAZE,LOU,6
KAZE,LUMI,14
KAZE,MAISIE,15
KAZE,MANDY,42
KAZE,MAX,6
KAZE,MEEPLE,7
KAZE,MEG,3
KAZE,MELODIE,8
KAZE,MICO,14
KAZE,MOE,8
KAZE,MORTIS,60
KAZE,MR. P,8
KAZE,NANI,10
KAZE,NITA,9
KAZE,OLLIE,1
KAZE,PAM,2
KAZE,PEARL,3
KAZE,PENNY,8
KAZE,PIPER,39
KAZE,POCO,5
KAZE,R-T,2
KAZE,RICO,23
KAZE,ROSA,4
KAZE,RUFFS,5
KAZE,SAM,4
KAZE,SANDY,3
KAZE,SHADE,6
KAZE,SHELLY,8
KAZE,SPIKE,27
KAZE,SPROUT,2
KAZE,SQUEAK,20
KAZE,STU,13
KAZE,SURGE,11
KAZE,TARA,8
KAZE,TICK,26
KAZE,WILLOW,3
KENJI,KIT,28
KENJI,LARRY & LAWRIE,6
KENJI,LEON,18
KENJI,LILY,23
KENJI,LOLA,6
KENJI,LOU,8
KENJI,LUMI,5
KENJI,MAISIE,13
KENJI,MANDY,21
KENJI,MAX,11
KENJI,MEEPLE,5
KENJI,MEG,6
KENJI,MELODIE,12
KENJI,MICO,7
KENJI,MOE,11
KENJI,MORTIS,147
KENJI,MR. P,9
KENJI,NANI,10
KENJI,NITA,21
KENJI,OLLIE,4
KENJI,OTIS,4
KENJI,PAM,6
KENJI,PEARL,3
KENJI,PENNY,3
KENJI,PIPER,43
KENJI,POCO,13
KENJI,R-T,6
KENJI,RICO,36
KENJI,ROSA,2
KENJI,RUFFS,1
KENJI,SAM,9
KENJI,SANDY,14
KENJI,SHADE,11
KENJI,SHELLY,14
KENJI,SPIKE,22
KENJI,SPROUT,4
KENJI,SQUEAK,19
KENJI,STU,14
KENJI,SURGE,16
KENJI,TARA,27
KENJI,TICK,50
KENJI,WILLOW,6
KIT,LARRY & LAWRIE,9
KIT,LEON,47
KIT,LILY,29
KIT,LOLA,5
KIT,LOU,2
KIT,LUMI,22
KIT,MAISIE,11
KIT,MANDY,77
KIT,MAX,11
KIT,MEEPLE,6
KIT,MEG,6
KIT,MELODIE,11
KIT,MICO,15
KIT,MOE,4
KIT,MORTIS,132
KIT,MR. P,14
KIT,NANI,13
KIT,NITA,18
KIT,OLLIE,9
KIT,OTIS,6
KIT,PAM,4
KIT,PEARL,4
KIT,PENNY,10
KIT,PIPER,103
KIT,POCO,18
KIT,R-T,6
KIT,RICO,37
KIT,RUFFS,7
KIT,SAM,4
KIT,SANDY,12
KIT,SHADE,19
KIT,SHELLY,9
KIT,SPIKE,39
KIT,SPROUT,9
KIT,SQUEAK,33
KIT,STU,35
KIT,SURGE,31
KIT,TARA,16
KIT,TICK,57
KIT,WILLOW,6
LARRY & LAWRIE,LEON,2
LARRY & LAWRIE,LILY,3
LARRY & LAWRIE,LOLA,2
LARRY & LAWRIE,LOU,1
LARRY & LAWRIE,MAISIE,2
LARRY & LAWRIE,MANDY,12
LARRY & LAWRIE,MAX,7
LARRY & LAWRIE,MEEPLE,1
LARRY & LAWRIE,MEG,2
LARRY & LAWRIE,MICO,3
LARRY & LAWRIE,MOE,1
LARRY & LAWRIE,MORTIS,15
LARRY & LAWRIE,MR. P,4
LARRY & LAWRIE,NANI,3
LARRY & LAWRIE,NITA,4
LARRY & LAWRIE,OLLIE,1
LARRY & LAWRIE,OTIS,4
LARRY & LAWRIE,PAM,6
LARRY & LAWRIE,PENNY,3
LARRY & LAWRIE,PIPER,13
LARRY & LAWRIE,POCO,6
LARRY & LAWRIE,R-T,2
LARRY & LAWRIE,RICO,8
LARRY & LAWRIE,RUFFS,1
LARRY & LAWRIE,SAM,2
LARRY & LAWRIE,SANDY,2
LARRY & LAWRIE,SHADE,11
LARRY & LAWRIE,SHELLY,5
LARRY & LAWRIE,SPIKE,5
LARRY & LAWRIE,SQUEAK,6
LARRY & LAWRIE,STU,7
LARRY & LAWRIE,SURGE,5
LARRY & LAWRIE,TARA,6
LARRY & LAWRIE,TICK,12
LARRY & LAWRIE,WILLOW,3
LEON,LILY,21
LEON,LOLA,3
LEON,LOU,1
LEON,LUMI,8
LEON,MAISIE,8
LEON,MANDY,77
LEON,MAX,14
LEON,MEEPLE,7
LEON,MEG,6
LEON,MELODIE,4
LEON,MICO,5
LEON,MOE,4
LEON,MORTIS,100
LEON,MR. P,6
LEON,NANI,10
LEON,NITA,13
LEON,OLLIE,5
LEON,OTIS,2
LEON,PAM,3
LEON,PEARL,3
LEON,PENNY,10
LEON,PIPER,105
LEON,POCO,15
LEON,R-T,5
LEON,RICO,39
LEON,ROSA,7
LEON,RUFFS,2
LEON,SAM,4
LEON,SANDY,15
LEON,SHADE,13
LEON,SHELLY,16
LEON,SPIKE,44
LEON,SPROUT,11
LEON,SQUEAK,42
LEON,STU,19
LEON,SURGE,36
LEON,TARA,18
LEON,TICK,65
LEON,WILLOW,6
LILY,LOLA,1
LILY,LOU,8
LILY,LUMI,14
LILY,MAISIE,9
LILY,MANDY,49
LILY,MAX,13
LILY,MEEPLE,6
LILY,MEG,8
LILY,MELODIE,5
LILY,MICO,4
LILY,MOE,3
LILY,MORTIS,103
LILY,MR. P,12
LILY,NANI,10
LILY,NITA,18
LILY,OLLIE,3
LILY,OTIS,4
LILY,PAM,4
LILY,PEARL,7
LILY,PENNY,15
LILY,PIPER,69
LILY,POCO,19
LILY,R-T,4
LILY,RICO,47
LILY,ROSA,3
LILY,RUFFS,1
LILY,SAM,4
LILY,SANDY,12
LILY,SHADE,11
LILY,SHELLY,3
LILY,SPIKE,28
LILY,SPROUT,6
LILY,SQUEAK,24
LILY,STU,27
LILY,SURGE,28
LILY,TARA,9
LILY,TICK,38
LILY,WILLOW,4
LOLA,LOU,6
LOLA,LUMI,1
LOLA,MAISIE,6
LOLA,MANDY,13
LOLA,MAX,2
LOLA,MEEPLE,3
LOLA,MEG,3
LOLA,MELODIE,5
LOLA,MICO,3
LOLA,MORTIS,12
LOLA,MR. P,4
LOLA,NANI,4
LOLA,NITA,8
LOLA,PAM,2
LOLA,PEARL,2
LOLA,PENNY,1
LOLA,PIPER,5
LOLA,POCO,2
LOLA,R-T,3
LOLA,RICO,8
LOLA,ROSA,4
LOLA,RUFFS,1
LOLA,SAM,3
LOLA,SANDY,2
LOLA,SHADE,2
LOLA,SHELLY,5
LOLA,SPIKE,6
LOLA,SPROUT,4
LOLA,SQUEAK,6
LOLA,STU,6
LOLA,SURGE,3
LOLA,TARA,1
LOLA,TICK,8
LOLA,WILLOW,2
LOU,LUMI,3
LOU,MAISIE,4
LOU,MANDY,4
LOU,MAX,3
LOU,MEEPLE,2
LOU,MELODIE,1
LOU,MOE,4
LOU,MORTIS,23
LOU,MR. P,10
LOU,NANI,2
LOU,OLLIE,1
LOU,OTIS,2
LOU,PAM,4
LOU,PEARL,1
LOU,PENNY,5
LOU,PIPER,10
LOU,POCO,3
LOU,RICO,10
LOU,ROSA,1
LOU,RUFFS,1
LOU,SAM,2
LOU,SANDY,2
LOU,SHADE,3
LOU,SHELLY,3
LOU,SPIKE,7
LOU,SPROUT,1
LOU,SQUEAK,11
LOU,STU,4
LOU,SURGE,7
LOU,TARA,7
LOU,TICK,7
LOU,WILLOW,1
LUMI,MAISIE,9
LUMI,MANDY,15
LUMI,MAX,6
LUMI,MEEPLE,2
LUMI,MEG,2
LUMI,MELODIE,4
LUMI,MICO,3
LUMI,MOE,2
LUMI,MORTIS,29
LUMI,MR. P,4
LUMI,NANI,2
LUMI,NITA,4
LUMI,OLLIE,5
LUMI,OTIS,4
LUMI,PAM,3
LUMI,PEARL,5
LUMI,PENNY,10
LUMI,PIPER,7
LUMI,POCO,10
LUMI,R-T,5
LUMI,RICO,17
LUMI,ROSA,3
LUMI,RUFFS,4
LUMI,SAM,2
LUMI,SANDY,6
LUMI,SHADE,8
LUMI,SHELLY,7
LUMI,SPIKE,5
LUMI,SPROUT,1
LUMI,SQUEAK,8
LUMI,STU,8
LUMI,SURGE,1
LUMI,TARA,7
LUMI,TICK,15
MAISIE,MANDY,14
MAISIE,MAX,13
MAISIE,MEEPLE,4
MAISIE,MEG,2
MAISIE,MELODIE,4
MAISIE,MICO,3
MAISIE,MOE,8
MAISIE,MORTIS,61
MAISIE,MR. P,1
MAISIE,NANI,3
MAISIE,NITA,7
MAISIE,OLLIE,3
MAISIE,PAM,4
MAISIE,PEARL,1
MAISIE,PENNY,4
MAISIE,PIPER,24
MAISIE,POCO,3
MAISIE,R-T,2
MAISIE,RICO,31
MAISIE,ROSA,1
MAISIE,RUFFS,4
MAISIE,SAM,1
MAISIE,SANDY,6
MAISIE,SHADE,11
MAISIE,SHELLY,5
MAISIE,SPIKE,14
MAISIE,SPROUT,3
MAISIE,SQUEAK,12
MAISIE,STU,38
MAISIE,SURGE,21
MAISIE,TARA,15
MAISIE,TICK,23
MAISIE,WILLOW,3
MANDY,MANDY,1
MANDY,MAX,32
MANDY,MEEPLE,16
MANDY,MEG,17
MANDY,MELODIE,12
MANDY,MICO,20
MANDY,MOE,7
MANDY,MORTIS,183
MANDY,MR. P,43
MANDY,NANI,49
MANDY,NITA,15
MANDY,OLLIE,4
MANDY,OTIS,5
MANDY,PAM,12
MANDY,PEARL,9
MANDY,PENNY,30
MANDY,PIPER,278
MANDY,POCO,34
MANDY,R-T,11
MANDY,RICO,70
MANDY,ROSA,7
MANDY,RUFFS,8
MANDY,SAM,8
MANDY,SANDY,14
MANDY,SHADE,14
MANDY,SHELLY,25
MANDY,SPIKE,100
MANDY,SPROUT,23
MANDY,SQUEAK,105
MANDY,STU,28
MANDY,SURGE,53
MANDY,TARA,24
MANDY,TICK,152
MANDY,WILLOW,8
MAX,MEEPLE,3
MAX,MEG,5
MAX,MELODIE,3
MAX,MICO,1
MAX,MOE,4
MAX,MORTIS,61
MAX,MR. P,9
MAX,NANI,4
MAX,NITA,8
MAX,OLLIE,1
MAX,OTIS,1
MAX,PAM,13
MAX,PEARL,3
MAX,PENNY,5
MAX,PIPER,25
MAX,POCO,6
MAX,R-T,1
MAX,RICO,26
MAX,ROSA,4
MAX,RUFFS,4
MAX,SAM,4
MAX,SANDY,6
MAX,SHADE,6
MAX,SHELLY,6
MAX,SPIKE,16
MAX,SPROUT,8
MAX,SQUEAK,16
MAX,STU,23
MAX,SURGE,10
MAX,TARA,8
MAX,TICK,19
MAX,WILLOW,4
MEEPLE,MEG,3
MEEPLE,MELODIE,1
MEEPLE,MICO,4
MEEPLE,MOE,1
MEEPLE,MORTIS,9
MEEPLE,MR. P,1
MEEPLE,NANI,1
MEEPLE,NITA,5
MEEPLE,OLLIE,3
MEEPLE,OTIS,1
MEEPLE,PAM,2
MEEPLE,PEARL,4
MEEPLE,PENNY,4
MEEPLE,PIPER,23
MEEPLE,POCO,5
MEEPLE,R-T,1
MEEPLE,RICO,5
MEEPLE,RUFFS,3
MEEPLE,SAM,3
MEEPLE,SANDY,4
MEEPLE,SHADE,1
MEEPLE,SHELLY,1
MEEPLE,SPIKE,5
MEEPLE,SPROUT,5
MEEPLE,SQUEAK,7
MEEPLE,STU,6
MEEPLE,SURGE,5
MEEPLE,TARA,3
MEEPLE,TICK,9
MEEPLE,WILLOW,2
MEG,MELODIE,2
MEG,MICO,4
MEG,MOE,3
MEG,MORTIS,18
MEG,MR. P,4
MEG,NANI,6
MEG,NITA,6
MEG,OLLIE,1
MEG,OTIS,3
MEG,PAM,1
MEG,PEARL,2
MEG,PENNY,5
MEG,PIPER,18
MEG,POCO,1
MEG,RICO,16
MEG,ROSA,1
MEG,RUFFS,1
MEG,SANDY,3
MEG,SHADE,7
MEG,SHELLY,4
MEG,SPIKE,8
MEG,SPROUT,5
MEG,SQUEAK,6
MEG,STU,8
MEG,SURGE,5
MEG,TARA,4
MEG,TICK,8
MEG,WILLOW,1
MELODIE,MICO,6
MELODIE,MOE,3
MELODIE,MORTIS,41
MELODIE,NANI,1
MELODIE,NITA,4
MELODIE,OTIS,8
MELODIE,PAM,4
MELODIE,PEARL,1
MELODIE,PENNY,6
MELODIE,PIPER,10
MELODIE,POCO,6
MELODIE,R-T,1
MELODIE,RICO,26
MELODIE,SAM,3
MELODIE,SANDY,2
MELODIE,SHADE,7
MELODIE,SHELLY,7
MELODIE,SPIKE,10
MELODIE,SPROUT,1
MELODIE,SQUEAK,6
MELODIE,STU,14
MELODIE,SURGE,4
MELODIE,TARA,7
MELODIE,TICK,8
MELODIE,WILLOW,2
MICO,MOE,2
MICO,MORTIS,27
MICO,MR. P,4
MICO,NANI,2
MICO,NITA,11
MICO,OLLIE,2
MICO,OTIS,1
MICO,PAM,2
MICO,PEARL,1
MICO,PENNY,7
MICO,PIPER,20
MICO,POCO,10
MICO,R-T,1
MICO,RICO,17
MICO,ROSA,3
MICO,RUFFS,4
MICO,SANDY,9
MICO,SHADE,7
MICO,SHELLY,3
MICO,SPIKE,12
MICO,SPROUT,7
MICO,SQUEAK,7
MICO,STU,9
MICO,SURGE,2
MICO,TARA,10
MICO,TICK,37
MICO,WILLOW,9
MOE,MORTIS,23
MOE,MR. P,2
MOE,NANI,2
MOE,NITA,3
MOE,PEARL,1
MOE,PENNY,2
MOE,PIPER,6
MOE,POCO,7
MOE,R-T,1
MOE,RICO,3
MOE,ROSA,3
MOE,RUFFS,6
MOE,SANDY,3
MOE,SHADE,2
MOE,SHELLY,1
MOE,SPIKE,3
MOE,SPROUT,3
MOE,SQUEAK,4
MOE,STU,7
MOE,SURGE,9
MOE,TARA,13
MOE,TICK,5
MOE,WILLOW,3
MORTIS,MORTIS,9
MORTIS,MR. P,19
MORTIS,NANI,20
MORTIS,NITA,72
MORTIS,OLLIE,13
MORTIS,OTIS,17
MORTIS,PAM,11
MORTIS,PEARL,13
MORTIS,PENNY,56
MORTIS,PIPER,141
MORTIS,POCO,66
MORTIS,R-T,26
MORTIS,RICO,356
MORTIS,ROSA,9
MORTIS,RUFFS,11
MORTIS,SAM,28
MORTIS,SANDY,47
MORTIS,SHADE,54
MORTIS,SHELLY,66
MORTIS,SPIKE,110
MORTIS,SPROUT,22
MORTIS,SQUEAK,67
MORTIS,STU,201
MORTIS,SURGE,159
MORTIS,TARA,98
MORTIS,TICK,223
MORTIS,WILLOW,37
MR. P,NANI,10
MR. P,NITA,6
MR. P,OLLIE,1
MR. P,OTIS,2
MR. P,PAM,3
MR. P,PEARL,2
MR. P,PENNY,12
MR. P,PIPER,22
MR. P,POCO,6
MR. P,R-T,2
MR. P,RICO,10
MR. P,ROSA,2
MR. P,RUFFS,3
MR. P,SANDY,3
MR. P,SHADE,2
MR. P,SHELLY,4
MR. P,SPIKE,15
MR. P,SPROUT,5
MR. P,SQUEAK,10
MR. P,STU,7
MR. P,SURGE,8
MR. P,TARA,2
MR. P,TICK,39
MR. P,WILLOW,7
NANI,NITA,8
NANI,OLLIE,1
NANI,OTIS,2
NANI,PAM,6
NANI,PEARL,1
NANI,PENNY,8
NANI,PIPER,49
NANI,POCO,6
NANI,R-T,2
NANI,RICO,10
NANI,ROSA,4
NANI,RUFFS,3
NANI,SAM,2
NANI,SANDY,5
NANI,SHADE,3
NANI,SHELLY,9
NANI,SPIKE,13
NANI,SPROUT,1
NANI,SQUEAK,17
NANI,STU,6
NANI,SURGE,7
NANI,TARA,6
NANI,TICK,21
NANI,WILLOW,5
NITA,OLLIE,1
NITA,OTIS,1
NITA,PAM,11
NITA,PEARL,4
NITA,PENNY,16
NITA,PIPER,22
NITA,POCO,17
NITA,R-T,4
NITA,RICO,42
NITA,ROSA,11
NITA,RUFFS,3
NITA,SAM,3
NITA,SANDY,6
NITA,SHADE,4
NITA,SHELLY,22
NITA,SPIKE,16
NITA,SPROUT,5
NITA,SQUEAK,16
NITA,STU,14
NITA,SURGE,18
NITA,TARA,17
NITA,TICK,23
NITA,WILLOW,4
OLLIE,OTIS,1
OLLIE,PAM,2
OLLIE,PENNY,4
OLLIE,PIPER,4
OLLIE,R-T,3
OLLIE,RICO,2
OLLIE,ROSA,2
OLLIE,SAM,2
OLLIE,SHELLY,3
OLLIE,SPIKE,4
OLLIE,SPROUT,1
OLLIE,SQUEAK,2
OLLIE,STU,3
OLLIE,SURGE,5
OLLIE,TARA,2
OLLIE,TICK,3
OLLIE,WILLOW,2
OTIS,PAM,2
OTIS,PEARL,2
OTIS,PENNY,2
OTIS,PIPER,3
OTIS,POCO,1
OTIS,R-T,2
OTIS,RICO,4
OTIS,ROSA,2
OTIS,SANDY,1
OTIS,SHADE,1
OTIS,SHELLY,1
OTIS,SPIKE,2
OTIS,SPROUT,1
OTIS,SQUEAK,2
OTIS,STU,4
OTIS,SURGE,5
OTIS,TARA,4
OTIS,TICK,7
OTIS,WILLOW,1
PAM,PAM,1
PAM,PEARL,2
PAM,PENNY,5
PAM,PIPER,8
PAM,POCO,6
PAM,R-T,2
PAM,RICO,8
PAM,ROSA,3
PAM,RUFFS,3
PAM,SAM,2
PAM,SANDY,3
PAM,SHADE,3
PAM,SHELLY,7
PAM,SPROUT,2
PAM,SQUEAK,3
PAM,STU,8
PAM,SURGE,5
PAM,TARA,7
PAM,TICK,5
PAM,WILLOW,5
PEARL,PENNY,2
PEARL,PIPER,19
PEARL,POCO,2
PEARL,R-T,2
PEARL,RICO,5
PEARL,ROSA,3
PEARL,SAM,1
PEARL,SANDY,1
PEARL,SHADE,3
PEARL,SHELLY,6
PEARL,SPIKE,5
PEARL,SPROUT,4
PEARL,SQUEAK,7
PEARL,STU,4
PEARL,SURGE,3
PEARL,TARA,3
PEARL,TICK,13
PENNY,PIPER,20
PENNY,POCO,10
PENNY,R-T,5
PENNY,RICO,31
PENNY,ROSA,6
PENNY,RUFFS,2
PENNY,SAM,2
PENNY,SANDY,7
PENNY,SHADE,9
PENNY,SHELLY,10
PENNY,SPIKE,11
PENNY,SPROUT,3
PENNY,SQUEAK,16
PENNY,STU,9
PENNY,SURGE,11
PENNY,TARA,20
PENNY,TICK,43
PENNY,WILLOW,3
PIPER,PIPER,1
PIPER,POCO,34
PIPER,R-T,11
PIPER,RICO,72
PIPER,ROSA,3
PIPER,RUFFS,11
PIPER,SAM,6
PIPER,SANDY,15
PIPER,SHADE,13
PIPER,SHELLY,32
PIPER,SPIKE,111
PIPER,SPROUT,21
PIPER,SQUEAK,113
PIPER,STU,40
PIPER,SURGE,50
PIPER,TARA,18
PIPER,TICK,141
PIPER,WILLOW,15
POCO,POCO,2
POCO,R-T,4
POCO,RICO,30
POCO,ROSA,20
POCO,SAM,3
POCO,SANDY,7
POCO,SHADE,9
POCO,SHELLY,20
POCO,SPIKE,18
POCO,SPROUT,8
POCO,SQUEAK,17
POCO,STU,12
POCO,SURGE,10
POCO,TARA,15
POCO,TICK,28
POCO,WILLOW,9
R-T,RICO,5
R-T,ROSA,1
R-T,SANDY,4
R-T,SHADE,4
R-T,SHELLY,2
R-T,SPIKE,3
R-T,SPROUT,4
R-T,SQUEAK,7
R-T,STU,8
R-T,SURGE,2
R-T,TARA,6
R-T,TICK,7
R-T,WILLOW,2
RICO,RICO,1
RICO,ROSA,6
RICO,RUFFS,7
RICO,SAM,7
RICO,SANDY,23
RICO,SHADE,20
RICO,SHELLY,25
RICO,SPIKE,53
RICO,SPROUT,14
RICO,SQUEAK,45
RICO,STU,75
RICO,SURGE,70
RICO,TARA,31
RICO,TICK,76
RICO,WILLOW,8
ROSA,SAM,2
ROSA,SANDY,1
ROSA,SHADE,1
ROSA,SHELLY,10
ROSA,SPIKE,2
ROSA,SPROUT,3
ROSA,SQUEAK,5
ROSA,STU,7
ROSA,SURGE,2
ROSA,TARA,2
ROSA,TICK,12
ROSA,WILLOW,1
RUFFS,SAM,1
RUFFS,SANDY,1
RUFFS,SHADE,1
RUFFS,SPIKE,4
RUFFS,SPROUT,2
RUFFS,SQUEAK,5
RUFFS,SURGE,3
RUFFS,TARA,1
RUFFS,TICK,6
SAM,SANDY,1
SAM,SHADE,4
SAM,SHELLY,1
SAM,SPIKE,3
SAM,SPROUT,1
SAM,SQUEAK,4
SAM,STU,4
SAM,SURGE,7
SAM,TARA,8
SAM,TICK,2
SAM,WILLOW,3
SANDY,SHADE,5
SANDY,SHELLY,10
SANDY,SPIKE,19
SANDY,SPROUT,4
SANDY,SQUEAK,15
SANDY,STU,9
SANDY,SURGE,11
SANDY,TARA,15
SANDY,TICK,18
SANDY,WILLOW,3
SHADE,SHELLY,9
SHADE,SPIKE,12
SHADE,SPROUT,3
SHADE,SQUEAK,9
SHADE,STU,14
SHADE,SURGE,11
SHADE,TARA,28
SHADE,TICK,20
SHADE,WILLOW,2
SHELLY,SHELLY,2
SHELLY,SPIKE,18
SHELLY,SPROUT,9
SHELLY,SQUEAK,17
SHELLY,STU,17
SHELLY,SURGE,14
SHELLY,TARA,11
SHELLY,TICK,24
SHELLY,WILLOW,6
SPIKE,SPROUT,9
SPIKE,SQUEAK,46
SPIKE,STU,24
SPIKE,SURGE,37
SPIKE,TARA,27
SPIKE,TICK,64
SPIKE,WILLOW,12
SPROUT,SQUEAK,13
SPROUT,STU,10
SPROUT,SURGE,8
SPROUT,TARA,13
SPROUT,TICK,17
SPROUT,WILLOW,1
SQUEAK,STU,15
SQUEAK,SURGE,36
SQUEAK,TARA,11
SQUEAK,TICK,73
SQUEAK,WILLOW,7
STU,STU,2
STU,SURGE,31
STU,TARA,30
STU,TICK,41
STU,WILLOW,8
SURGE,TARA,17
SURGE,TICK,46
SURGE,WILLOW,8
TARA,TICK,28
TARA,WILLOW,1
TICK,TICK,1
TICK,WILLOW,12
